INFO 2026-07-01 02:02:27,411 autoreload 14944 20460 Watching for file changes with StatReloader
WARNING 2026-07-01 02:02:54,120 log 14944 20452 Not Found: /
WARNING 2026-07-01 02:02:54,447 basehttp 14944 20452 "GET / HTTP/1.1" 404 4657
WARNING 2026-07-01 02:02:55,726 log 14944 8512 Not Found: /favicon.ico
WARNING 2026-07-01 02:02:55,731 basehttp 14944 8512 "GET /favicon.ico HTTP/1.1" 404 4708
INFO 2026-07-01 04:38:20,184 autoreload 14944 20460 F:\SAMS\sams_backend\config\settings\base.py changed, reloading.
INFO 2026-07-01 04:38:22,992 autoreload 21880 15180 Watching for file changes with StatReloader
INFO 2026-07-01 04:38:39,457 autoreload 21880 15180 F:\SAMS\sams_backend\config\settings\base.py changed, reloading.
INFO 2026-07-01 04:38:42,265 autoreload 19148 7564 Watching for file changes with StatReloader
INFO 2026-07-01 04:39:36,368 autoreload 20776 2396 Watching for file changes with StatReloader
INFO 2026-07-01 05:00:25,205 basehttp 20776 20576 "OPTIONS /api/auth/login/ HTTP/1.1" 200 0
INFO 2026-07-01 05:00:27,145 basehttp 20776 20576 "OPTIONS /api/auth/login/ HTTP/1.1" 200 0
INFO 2026-07-01 05:01:43,832 autoreload 24292 23772 Watching for file changes with StatReloader
INFO 2026-07-01 05:02:37,552 basehttp 24292 20604 "OPTIONS /api/auth/login/ HTTP/1.1" 200 0
INFO 2026-07-01 05:02:38,711 basehttp 24292 20604 "OPTIONS /api/auth/login/ HTTP/1.1" 200 0
INFO 2026-07-01 05:02:39,883 basehttp 24292 20604 "OPTIONS /api/auth/login/ HTTP/1.1" 200 0
INFO 2026-07-01 05:02:40,065 basehttp 24292 20604 "OPTIONS /api/auth/login/ HTTP/1.1" 200 0
INFO 2026-07-01 05:02:40,232 basehttp 24292 20604 "OPTIONS /api/auth/login/ HTTP/1.1" 200 0
INFO 2026-07-01 05:02:41,908 basehttp 24292 20604 "OPTIONS /api/auth/login/ HTTP/1.1" 200 0
INFO 2026-07-01 05:03:14,026 autoreload 24292 23772 F:\SAMS\sams_backend\config\settings\base.py changed, reloading.
INFO 2026-07-01 05:03:17,330 autoreload 23136 15196 Watching for file changes with StatReloader
INFO 2026-07-01 05:04:11,497 autoreload 19924 19960 Watching for file changes with StatReloader
INFO 2026-07-01 05:04:30,160 basehttp 19924 3652 "OPTIONS /api/auth/login/ HTTP/1.1" 200 0
WARNING 2026-07-01 05:04:33,366 log 19924 3652 Unauthorized: /api/auth/login/
WARNING 2026-07-01 05:04:33,366 basehttp 19924 3652 "POST /api/auth/login/ HTTP/1.1" 401 165
WARNING 2026-07-01 05:04:42,623 log 19924 3652 Unauthorized: /api/auth/login/
WARNING 2026-07-01 05:04:42,624 basehttp 19924 3652 "POST /api/auth/login/ HTTP/1.1" 401 165
INFO 2026-07-01 05:06:48,998 autoreload 19924 19960 F:\SAMS\sams_backend\authentication\views.py changed, reloading.
INFO 2026-07-01 05:06:54,266 autoreload 21288 23680 Watching for file changes with StatReloader
INFO 2026-07-01 05:07:31,607 autoreload 21288 23680 F:\SAMS\sams_backend\authentication\views.py changed, reloading.
INFO 2026-07-01 05:07:36,111 autoreload 24416 21100 Watching for file changes with StatReloader
INFO 2026-07-01 05:07:50,767 autoreload 24416 21100 F:\SAMS\sams_backend\authentication\views.py changed, reloading.
INFO 2026-07-01 05:07:56,868 autoreload 20488 11636 Watching for file changes with StatReloader
INFO 2026-07-01 05:08:12,363 autoreload 20488 11636 F:\SAMS\sams_backend\authentication\views.py changed, reloading.
INFO 2026-07-01 05:08:14,780 autoreload 2596 9660 Watching for file changes with StatReloader
INFO 2026-07-01 05:11:34,115 autoreload 14004 16220 Watching for file changes with StatReloader
INFO 2026-07-01 05:14:51,472 autoreload 14920 2516 Watching for file changes with StatReloader
WARNING 2026-07-01 05:16:09,728 log 14920 22452 Unauthorized: /api/auth/login/
WARNING 2026-07-01 05:16:09,730 basehttp 14920 22452 "POST /api/auth/login/ HTTP/1.1" 401 75
WARNING 2026-07-01 05:19:06,808 log 14920 22452 Unauthorized: /api/auth/login/
WARNING 2026-07-01 05:19:06,809 basehttp 14920 22452 "POST /api/auth/login/ HTTP/1.1" 401 75
WARNING 2026-07-01 05:25:48,580 log 14920 18404 Unauthorized: /api/auth/login/
WARNING 2026-07-01 05:25:48,582 basehttp 14920 18404 "POST /api/auth/login/ HTTP/1.1" 401 75
INFO 2026-07-01 05:27:39,567 autoreload 14920 2516 F:\SAMS\sams_backend\authentication\views.py changed, reloading.
INFO 2026-07-01 05:27:43,718 autoreload 2084 6224 Watching for file changes with StatReloader
INFO 2026-07-01 05:27:56,398 autoreload 2084 6224 F:\SAMS\sams_backend\authentication\views.py changed, reloading.
INFO 2026-07-01 05:28:01,374 autoreload 14440 17540 Watching for file changes with StatReloader
INFO 2026-07-01 05:28:16,093 autoreload 14440 17540 F:\SAMS\sams_backend\authentication\views.py changed, reloading.
INFO 2026-07-01 05:28:19,804 autoreload 4220 16812 Watching for file changes with StatReloader
INFO 2026-07-01 05:30:02,760 autoreload 19028 20524 Watching for file changes with StatReloader
WARNING 2026-07-01 05:33:34,715 log 19028 23896 Unauthorized: /api/auth/login/
WARNING 2026-07-01 05:33:34,717 basehttp 19028 23896 "POST /api/auth/login/ HTTP/1.1" 401 75
WARNING 2026-07-01 05:33:40,095 log 19028 23896 Unauthorized: /api/auth/login/
WARNING 2026-07-01 05:33:40,101 basehttp 19028 23896 "POST /api/auth/login/ HTTP/1.1" 401 75
INFO 2026-07-01 05:34:23,690 autoreload 19028 20524 F:\SAMS\sams_backend\authentication\views.py changed, reloading.
INFO 2026-07-01 05:34:26,546 autoreload 6088 23668 Watching for file changes with StatReloader
INFO 2026-07-01 05:35:35,957 autoreload 4480 17904 Watching for file changes with StatReloader
ERROR 2026-07-01 05:36:59,305 log 4480 19984 Internal Server Error: /api/auth/login/
ERROR 2026-07-01 05:36:59,307 basehttp 4480 19984 "POST /api/auth/login/ HTTP/1.1" 500 77
ERROR 2026-07-01 05:37:00,652 log 4480 19984 Internal Server Error: /api/auth/login/
ERROR 2026-07-01 05:37:00,662 basehttp 4480 19984 "POST /api/auth/login/ HTTP/1.1" 500 77
INFO 2026-07-01 05:38:44,749 autoreload 21732 22648 Watching for file changes with StatReloader
ERROR 2026-07-01 05:39:50,725 log 4480 19984 Internal Server Error: /api/auth/login/
ERROR 2026-07-01 05:39:50,727 basehttp 4480 19984 "POST /api/auth/login/ HTTP/1.1" 500 77
ERROR 2026-07-01 05:39:52,174 log 4480 19984 Internal Server Error: /api/auth/login/
ERROR 2026-07-01 05:39:52,176 basehttp 4480 19984 "POST /api/auth/login/ HTTP/1.1" 500 77
ERROR 2026-07-01 05:40:01,176 log 4480 19984 Internal Server Error: /api/auth/login/
ERROR 2026-07-01 05:40:01,178 basehttp 4480 19984 "POST /api/auth/login/ HTTP/1.1" 500 77
INFO 2026-07-01 05:52:57,296 autoreload 14380 24920 Watching for file changes with StatReloader
ERROR 2026-07-01 06:01:18,314 log 4480 12228 Internal Server Error: /api/auth/login/
ERROR 2026-07-01 06:01:18,339 basehttp 4480 12228 "POST /api/auth/login/ HTTP/1.1" 500 77
INFO 2026-07-01 06:06:57,693 basehttp 4480 19424 "OPTIONS /api/auth/login/ HTTP/1.1" 200 0
ERROR 2026-07-01 06:06:57,764 log 4480 19424 Internal Server Error: /api/auth/login/
ERROR 2026-07-01 06:06:57,807 basehttp 4480 19424 "POST /api/auth/login/ HTTP/1.1" 500 77
ERROR 2026-07-01 06:07:08,870 log 4480 18188 Internal Server Error: /api/auth/login/
ERROR 2026-07-01 06:07:08,973 basehttp 4480 18188 "POST /api/auth/login/ HTTP/1.1" 500 77
INFO 2026-07-01 06:08:20,195 autoreload 14380 24920 F:\SAMS\sams_backend\core\exceptions.py changed, reloading.
INFO 2026-07-01 06:08:20,691 autoreload 4480 17904 F:\SAMS\sams_backend\core\exceptions.py changed, reloading.
INFO 2026-07-01 06:08:21,291 autoreload 21732 22648 F:\SAMS\sams_backend\core\exceptions.py changed, reloading.
INFO 2026-07-01 06:08:25,775 autoreload 24364 22912 Watching for file changes with StatReloader
INFO 2026-07-01 06:08:25,865 autoreload 26336 14788 Watching for file changes with StatReloader
INFO 2026-07-01 06:08:26,522 autoreload 24896 25072 Watching for file changes with StatReloader
ERROR 2026-07-01 06:08:44,340 log 26336 23928 Internal Server Error: /api/auth/login/
ERROR 2026-07-01 06:08:44,351 basehttp 26336 23928 "POST /api/auth/login/ HTTP/1.1" 500 138
INFO 2026-07-01 06:09:09,841 autoreload 24364 22912 F:\SAMS\sams_backend\authentication\views.py changed, reloading.
INFO 2026-07-01 06:09:10,218 autoreload 24896 25072 F:\SAMS\sams_backend\authentication\views.py changed, reloading.
INFO 2026-07-01 06:09:10,702 autoreload 26336 14788 F:\SAMS\sams_backend\authentication\views.py changed, reloading.
INFO 2026-07-01 06:09:16,155 autoreload 5028 22800 Watching for file changes with StatReloader
INFO 2026-07-01 06:09:16,167 autoreload 22688 11916 Watching for file changes with StatReloader
INFO 2026-07-01 06:09:24,341 autoreload 26076 20704 Watching for file changes with StatReloader
INFO 2026-07-01 06:09:33,527 basehttp 22688 20700 "POST /api/auth/login/ HTTP/1.1" 200 842
INFO 2026-07-01 06:13:46,297 basehttp 22688 5440 "POST /api/auth/login/ HTTP/1.1" 200 842
INFO 2026-07-01 06:15:42,195 basehttp 22688 5440 "OPTIONS /api/auth/users/ HTTP/1.1" 200 0
INFO 2026-07-01 06:15:42,266 basehttp 22688 5440 "GET /api/auth/users/ HTTP/1.1" 200 750
INFO 2026-07-01 06:16:42,532 basehttp 22688 5440 "GET /api/auth/users/ HTTP/1.1" 200 750
INFO 2026-07-01 06:16:52,574 basehttp 22688 5440 "GET /api/auth/users/ HTTP/1.1" 200 750
INFO 2026-07-01 06:17:42,907 basehttp 22688 5440 "GET /api/auth/users/ HTTP/1.1" 200 750
INFO 2026-07-01 06:18:42,570 basehttp 22688 5440 "GET /api/auth/users/ HTTP/1.1" 200 750
INFO 2026-07-01 06:19:42,412 basehttp 22688 5440 "GET /api/auth/users/ HTTP/1.1" 200 750
INFO 2026-07-01 06:20:42,222 basehttp 22688 5440 "GET /api/auth/users/ HTTP/1.1" 200 750
INFO 2026-07-01 06:20:56,371 basehttp 22688 5440 "GET /api/auth/users/ HTTP/1.1" 200 750
INFO 2026-07-01 06:20:56,398 basehttp 22688 26864 "OPTIONS /api/auth/users/ HTTP/1.1" 200 0
WARNING 2026-07-01 06:20:56,600 log 22688 26864 Unauthorized: /api/auth/users/
WARNING 2026-07-01 06:20:56,621 basehttp 22688 26864 "GET /api/auth/users/ HTTP/1.1" 401 155
INFO 2026-07-01 06:21:09,779 basehttp 22688 5440 "OPTIONS /api/assets/ HTTP/1.1" 200 0
INFO 2026-07-01 06:21:10,017 basehttp 22688 5440 "GET /api/assets/ HTTP/1.1" 200 7613
INFO 2026-07-01 06:21:10,027 basehttp 22688 5440 "OPTIONS /api/assets/AST-002/ HTTP/1.1" 200 0
WARNING 2026-07-01 06:21:10,083 log 22688 5440 Not Found: /api/assets/AST-002/
WARNING 2026-07-01 06:21:10,085 basehttp 22688 5440 "PUT /api/assets/AST-002/ HTTP/1.1" 404 5734
WARNING 2026-07-01 06:21:26,060 log 22688 26864 Unauthorized: /api/auth/users/
INFO 2026-07-01 06:21:26,075 basehttp 22688 5440 "GET /api/auth/users/ HTTP/1.1" 200 750
WARNING 2026-07-01 06:21:26,093 basehttp 22688 26864 "GET /api/auth/users/ HTTP/1.1" 401 155
INFO 2026-07-01 06:21:27,254 basehttp 22688 5440 "GET /api/assets/ HTTP/1.1" 200 7613
WARNING 2026-07-01 06:21:27,296 log 22688 5440 Not Found: /api/assets/AST-002/
WARNING 2026-07-01 06:21:27,305 basehttp 22688 5440 "PUT /api/assets/AST-002/ HTTP/1.1" 404 5734
INFO 2026-07-01 06:21:32,834 basehttp 22688 5440 "GET /api/auth/users/ HTTP/1.1" 200 750
WARNING 2026-07-01 06:21:33,234 log 22688 26864 Unauthorized: /api/auth/users/
WARNING 2026-07-01 06:21:33,275 basehttp 22688 26864 "GET /api/auth/users/ HTTP/1.1" 401 155
INFO 2026-07-01 06:21:44,016 basehttp 22688 5440 "GET /api/auth/users/ HTTP/1.1" 200 750
INFO 2026-07-01 06:21:59,323 basehttp 22688 5440 "GET /api/auth/users/ HTTP/1.1" 200 750
INFO 2026-07-01 06:22:02,792 basehttp 22688 5440 "GET /api/auth/users/ HTTP/1.1" 200 750
WARNING 2026-07-01 06:22:03,139 log 22688 26864 Unauthorized: /api/auth/users/
WARNING 2026-07-01 06:22:03,308 basehttp 22688 26864 "GET /api/auth/users/ HTTP/1.1" 401 155
INFO 2026-07-01 06:22:20,800 basehttp 22688 5440 "GET /api/auth/users/ HTTP/1.1" 200 750
WARNING 2026-07-01 06:22:29,443 log 22688 26864 Unauthorized: /api/auth/users/
WARNING 2026-07-01 06:22:29,564 basehttp 22688 26864 "GET /api/auth/users/ HTTP/1.1" 401 155
INFO 2026-07-01 06:22:32,808 basehttp 22688 5440 "GET /api/auth/users/ HTTP/1.1" 200 750
INFO 2026-07-01 06:22:40,411 basehttp 22688 5440 "GET /api/auth/users/ HTTP/1.1" 200 750
INFO 2026-07-01 06:22:54,616 basehttp 22688 5440 "GET /api/auth/users/ HTTP/1.1" 200 750
INFO 2026-07-01 06:22:55,384 basehttp 22688 26296 "GET /api/auth/users/ HTTP/1.1" 200 750
INFO 2026-07-01 06:22:55,440 basehttp 22688 5440 "GET /api/auth/users/ HTTP/1.1" 200 750
WARNING 2026-07-01 06:22:58,603 log 22688 26864 Unauthorized: /api/auth/users/
WARNING 2026-07-01 06:22:58,645 basehttp 22688 26864 "GET /api/auth/users/ HTTP/1.1" 401 155
INFO 2026-07-01 06:23:19,613 basehttp 22688 5440 "GET /api/auth/users/ HTTP/1.1" 200 750
INFO 2026-07-01 06:23:19,634 basehttp 22688 5440 "GET /api/auth/users/ HTTP/1.1" 200 750
WARNING 2026-07-01 06:23:29,152 log 22688 26864 Unauthorized: /api/auth/users/
WARNING 2026-07-01 06:23:29,202 basehttp 22688 26864 "GET /api/auth/users/ HTTP/1.1" 401 155
INFO 2026-07-01 06:23:50,966 basehttp 22688 5440 "GET /api/auth/users/ HTTP/1.1" 200 750
WARNING 2026-07-01 06:23:58,607 log 22688 26864 Unauthorized: /api/auth/users/
WARNING 2026-07-01 06:23:58,638 basehttp 22688 26864 "GET /api/auth/users/ HTTP/1.1" 401 155
WARNING 2026-07-01 06:24:19,582 log 22688 26864 Unauthorized: /api/auth/users/
WARNING 2026-07-01 06:24:19,613 basehttp 22688 26864 "GET /api/auth/users/ HTTP/1.1" 401 155
INFO 2026-07-01 06:24:20,560 basehttp 22688 5440 "GET /api/auth/users/ HTTP/1.1" 200 750
INFO 2026-07-01 06:24:20,597 basehttp 22688 5440 "GET /api/auth/users/ HTTP/1.1" 200 750
WARNING 2026-07-01 06:24:49,246 log 22688 26864 Unauthorized: /api/auth/users/
WARNING 2026-07-01 06:24:49,250 basehttp 22688 26864 "GET /api/auth/users/ HTTP/1.1" 401 155
INFO 2026-07-01 06:24:50,568 basehttp 22688 5440 "GET /api/auth/users/ HTTP/1.1" 200 750
WARNING 2026-07-01 06:25:19,253 log 22688 26864 Unauthorized: /api/auth/users/
WARNING 2026-07-01 06:25:19,281 basehttp 22688 26864 "GET /api/auth/users/ HTTP/1.1" 401 155
INFO 2026-07-01 06:25:19,660 basehttp 22688 5440 "GET /api/auth/users/ HTTP/1.1" 200 750
INFO 2026-07-01 06:25:19,694 basehttp 22688 26296 "GET /api/auth/users/ HTTP/1.1" 200 750
WARNING 2026-07-01 06:25:49,292 log 22688 26864 Unauthorized: /api/auth/users/
WARNING 2026-07-01 06:25:49,310 basehttp 22688 26864 "GET /api/auth/users/ HTTP/1.1" 401 155
INFO 2026-07-01 06:25:49,634 basehttp 22688 26296 "GET /api/auth/users/ HTTP/1.1" 200 750
WARNING 2026-07-01 06:26:19,286 log 22688 26864 Unauthorized: /api/auth/users/
WARNING 2026-07-01 06:26:19,318 basehttp 22688 26864 "GET /api/auth/users/ HTTP/1.1" 401 155
INFO 2026-07-01 06:26:20,575 basehttp 22688 26296 "GET /api/auth/users/ HTTP/1.1" 200 750
INFO 2026-07-01 06:26:20,599 basehttp 22688 26296 "GET /api/auth/users/ HTTP/1.1" 200 750
INFO 2026-07-01 06:26:50,980 basehttp 22688 26296 "GET /api/auth/users/ HTTP/1.1" 200 750
WARNING 2026-07-01 06:27:08,464 log 22688 26864 Unauthorized: /api/auth/users/
WARNING 2026-07-01 06:27:08,486 basehttp 22688 26864 "GET /api/auth/users/ HTTP/1.1" 401 155
INFO 2026-07-01 06:27:20,564 basehttp 22688 26296 "GET /api/auth/users/ HTTP/1.1" 200 750
INFO 2026-07-01 06:27:20,579 basehttp 22688 5440 "GET /api/auth/users/ HTTP/1.1" 200 750
INFO 2026-07-01 06:27:24,782 basehttp 22688 5440 "GET /api/auth/users/ HTTP/1.1" 200 750
INFO 2026-07-01 06:27:25,211 basehttp 22688 26296 "GET /api/auth/users/ HTTP/1.1" 200 750
WARNING 2026-07-01 06:27:37,625 log 22688 26864 Unauthorized: /api/auth/users/
WARNING 2026-07-01 06:27:37,627 basehttp 22688 26864 "GET /api/auth/users/ HTTP/1.1" 401 155
INFO 2026-07-01 06:27:54,598 basehttp 22688 26296 "GET /api/auth/users/ HTTP/1.1" 200 750
WARNING 2026-07-01 06:28:07,557 log 22688 26864 Unauthorized: /api/auth/users/
WARNING 2026-07-01 06:28:07,559 basehttp 22688 26864 "GET /api/auth/users/ HTTP/1.1" 401 155
INFO 2026-07-01 06:28:25,215 basehttp 22688 26296 "GET /api/auth/users/ HTTP/1.1" 200 750
INFO 2026-07-01 06:28:25,249 basehttp 22688 26296 "GET /api/auth/users/ HTTP/1.1" 200 750
WARNING 2026-07-01 06:28:37,548 log 22688 26864 Unauthorized: /api/auth/users/
WARNING 2026-07-01 06:28:37,550 basehttp 22688 26864 "GET /api/auth/users/ HTTP/1.1" 401 155
INFO 2026-07-01 06:28:58,451 basehttp 22688 26296 "GET /api/auth/users/ HTTP/1.1" 200 750
WARNING 2026-07-01 06:29:07,590 log 22688 26864 Unauthorized: /api/auth/users/
WARNING 2026-07-01 06:29:07,617 basehttp 22688 26864 "GET /api/auth/users/ HTTP/1.1" 401 155
INFO 2026-07-01 06:29:25,096 basehttp 22688 26296 "GET /api/auth/users/ HTTP/1.1" 200 750
INFO 2026-07-01 06:29:25,169 basehttp 22688 5440 "GET /api/auth/users/ HTTP/1.1" 200 750
INFO 2026-07-01 06:29:36,776 basehttp 22688 5440 "GET /api/auth/users/ HTTP/1.1" 200 750
WARNING 2026-07-01 06:29:37,597 log 22688 26864 Unauthorized: /api/auth/users/
WARNING 2026-07-01 06:29:37,626 basehttp 22688 26864 "GET /api/auth/users/ HTTP/1.1" 401 155
INFO 2026-07-01 06:29:55,215 basehttp 22688 5440 "GET /api/auth/users/ HTTP/1.1" 200 750
WARNING 2026-07-01 06:30:07,596 log 22688 26864 Unauthorized: /api/auth/users/
WARNING 2026-07-01 06:30:07,604 basehttp 22688 26864 "GET /api/auth/users/ HTTP/1.1" 401 155
INFO 2026-07-01 06:30:16,601 basehttp 22688 5440 "GET /api/auth/users/ HTTP/1.1" 200 750
INFO 2026-07-01 06:30:19,969 basehttp 22688 5440 "GET /api/auth/users/ HTTP/1.1" 200 750
INFO 2026-07-01 06:30:24,578 basehttp 22688 5440 "GET /api/auth/users/ HTTP/1.1" 200 750
WARNING 2026-07-01 06:30:31,501 log 22688 26864 Unauthorized: /api/auth/users/
WARNING 2026-07-01 06:30:31,530 basehttp 22688 26864 "GET /api/auth/users/ HTTP/1.1" 401 155
INFO 2026-07-01 06:30:54,559 basehttp 22688 5440 "GET /api/auth/users/ HTTP/1.1" 200 750
WARNING 2026-07-01 06:31:01,049 log 22688 26864 Unauthorized: /api/auth/users/
WARNING 2026-07-01 06:31:01,055 basehttp 22688 26864 "GET /api/auth/users/ HTTP/1.1" 401 155
INFO 2026-07-01 06:31:07,451 basehttp 22688 5440 "GET /api/auth/users/ HTTP/1.1" 200 750
INFO 2026-07-01 06:31:07,559 basehttp 22688 26296 "GET /api/auth/users/ HTTP/1.1" 200 750
INFO 2026-07-01 06:31:16,090 basehttp 22688 26296 "GET /api/auth/users/ HTTP/1.1" 200 750
WARNING 2026-07-01 06:31:31,045 log 22688 26864 Unauthorized: /api/auth/users/
WARNING 2026-07-01 06:31:31,083 basehttp 22688 26864 "GET /api/auth/users/ HTTP/1.1" 401 155
INFO 2026-07-01 06:31:37,596 basehttp 22688 26296 "GET /api/auth/users/ HTTP/1.1" 200 750
INFO 2026-07-01 06:32:08,049 basehttp 22688 26296 "GET /api/auth/users/ HTTP/1.1" 200 750
INFO 2026-07-01 06:32:08,080 basehttp 22688 26296 "GET /api/auth/users/ HTTP/1.1" 200 750
WARNING 2026-07-01 06:32:25,012 log 22688 26864 Unauthorized: /api/auth/users/
WARNING 2026-07-01 06:32:25,013 basehttp 22688 26864 "GET /api/auth/users/ HTTP/1.1" 401 155
INFO 2026-07-01 06:32:28,507 basehttp 22688 26296 "GET /api/auth/users/ HTTP/1.1" 200 750
INFO 2026-07-01 06:32:37,440 basehttp 22688 26296 "GET /api/auth/users/ HTTP/1.1" 200 750
WARNING 2026-07-01 06:32:55,063 log 22688 26864 Unauthorized: /api/auth/users/
WARNING 2026-07-01 06:32:55,070 basehttp 22688 26864 "GET /api/auth/users/ HTTP/1.1" 401 155
INFO 2026-07-01 06:33:25,137 basehttp 22688 26904 "GET /api/auth/users/ HTTP/1.1" 200 750
INFO 2026-07-01 06:33:26,089 basehttp 22688 26280 "GET /api/auth/users/ HTTP/1.1" 200 750
WARNING 2026-07-01 06:33:26,111 log 22688 26864 Unauthorized: /api/auth/users/
WARNING 2026-07-01 06:33:26,138 basehttp 22688 26864 "GET /api/auth/users/ HTTP/1.1" 401 155
INFO 2026-07-01 06:33:26,226 basehttp 22688 26904 "GET /api/auth/users/ HTTP/1.1" 200 750
INFO 2026-07-01 06:33:54,569 basehttp 22688 26904 "GET /api/auth/users/ HTTP/1.1" 200 750
WARNING 2026-07-01 06:33:55,582 log 22688 26864 Unauthorized: /api/auth/users/
WARNING 2026-07-01 06:33:55,585 basehttp 22688 26864 "GET /api/auth/users/ HTTP/1.1" 401 155
INFO 2026-07-01 06:34:08,976 basehttp 22688 26904 "GET /api/auth/users/ HTTP/1.1" 200 750
INFO 2026-07-01 06:34:12,368 basehttp 22688 26904 "GET /api/auth/users/ HTTP/1.1" 200 750
INFO 2026-07-01 06:34:12,978 basehttp 22688 26280 "GET /api/auth/users/ HTTP/1.1" 200 750
INFO 2026-07-01 06:34:19,885 basehttp 22688 26280 "GET /api/auth/users/ HTTP/1.1" 200 750
INFO 2026-07-01 06:34:20,088 basehttp 22688 26904 "GET /api/auth/users/ HTTP/1.1" 200 750
INFO 2026-07-01 06:35:11,232 basehttp 22688 26904 "GET /api/auth/users/ HTTP/1.1" 200 750
INFO 2026-07-01 06:35:11,460 basehttp 22688 26280 "GET /api/auth/users/ HTTP/1.1" 200 750
INFO 2026-07-01 06:35:18,535 basehttp 22688 26280 "GET /api/auth/users/ HTTP/1.1" 200 750
INFO 2026-07-01 06:35:18,712 basehttp 22688 26904 "GET /api/auth/users/ HTTP/1.1" 200 750
INFO 2026-07-01 06:36:06,576 basehttp 22688 26904 "GET /api/auth/users/ HTTP/1.1" 200 750
INFO 2026-07-01 06:36:06,910 basehttp 22688 26280 "GET /api/auth/users/ HTTP/1.1" 200 750
INFO 2026-07-01 06:36:14,654 basehttp 22688 26280 "GET /api/auth/users/ HTTP/1.1" 200 750
WARNING 2026-07-01 06:37:05,192 log 22688 26280 Unprocessable Entity: /api/auth/users/
WARNING 2026-07-01 06:37:05,203 basehttp 22688 26280 "POST /api/auth/users/ HTTP/1.1" 422 151
INFO 2026-07-01 06:37:14,683 basehttp 22688 26280 "GET /api/auth/users/ HTTP/1.1" 200 750
WARNING 2026-07-01 06:37:57,893 log 22688 26280 Unprocessable Entity: /api/auth/users/
WARNING 2026-07-01 06:37:57,902 basehttp 22688 26280 "POST /api/auth/users/ HTTP/1.1" 422 151
INFO 2026-07-01 06:38:14,473 basehttp 22688 26280 "GET /api/auth/users/ HTTP/1.1" 200 750
INFO 2026-07-01 06:39:14,470 basehttp 22688 26280 "GET /api/auth/users/ HTTP/1.1" 200 750
INFO 2026-07-01 06:40:14,459 basehttp 22688 26280 "GET /api/auth/users/ HTTP/1.1" 200 750
INFO 2026-07-01 06:41:14,445 basehttp 22688 26280 "GET /api/auth/users/ HTTP/1.1" 200 750
INFO 2026-07-01 06:42:14,573 basehttp 22688 26280 "GET /api/auth/users/ HTTP/1.1" 200 750
INFO 2026-07-01 06:43:14,514 basehttp 22688 26280 "GET /api/auth/users/ HTTP/1.1" 200 750
INFO 2026-07-01 06:44:16,604 basehttp 22688 26280 "GET /api/auth/users/ HTTP/1.1" 200 750
INFO 2026-07-01 06:44:41,181 basehttp 22688 26280 "GET /api/auth/users/ HTTP/1.1" 200 750
INFO 2026-07-01 06:45:16,487 basehttp 22688 26280 "GET /api/auth/users/ HTTP/1.1" 200 750
INFO 2026-07-01 06:45:41,268 basehttp 22688 26280 "GET /api/auth/users/ HTTP/1.1" 200 750
WARNING 2026-07-01 06:46:04,127 log 22688 20904 Unauthorized: /api/auth/users/
WARNING 2026-07-01 06:46:04,323 basehttp 22688 20904 "GET /api/auth/users/ HTTP/1.1" 401 155
INFO 2026-07-01 06:46:16,363 basehttp 22688 26280 "GET /api/auth/users/ HTTP/1.1" 200 750
INFO 2026-07-01 06:47:20,229 basehttp 22688 26280 "GET /api/auth/users/ HTTP/1.1" 200 750
INFO 2026-07-01 06:47:22,440 basehttp 22688 26280 "GET /api/auth/users/ HTTP/1.1" 200 750
INFO 2026-07-01 06:48:13,700 basehttp 22688 27320 "GET /admin/ HTTP/1.1" 302 0
INFO 2026-07-01 06:48:14,085 basehttp 22688 27320 "GET /admin/login/?next=/admin/ HTTP/1.1" 200 4165
INFO 2026-07-01 06:48:16,042 basehttp 22688 23652 "GET /static/admin/css/nav_sidebar.css HTTP/1.1" 200 2810
INFO 2026-07-01 06:48:16,049 basehttp 22688 24888 "GET /static/admin/css/responsive.css HTTP/1.1" 200 17972
INFO 2026-07-01 06:48:16,060 basehttp 22688 27484 "GET /static/admin/js/theme.js HTTP/1.1" 200 1653
INFO 2026-07-01 06:48:16,113 basehttp 22688 17104 "GET /static/admin/css/dark_mode.css HTTP/1.1" 200 2804
INFO 2026-07-01 06:48:16,153 basehttp 22688 27320 "GET /static/admin/css/base.css HTTP/1.1" 200 22092
INFO 2026-07-01 06:48:16,160 basehttp 22688 27548 "GET /static/admin/css/login.css HTTP/1.1" 200 951
INFO 2026-07-01 06:48:16,244 basehttp 22688 27320 "GET /static/admin/js/nav_sidebar.js HTTP/1.1" 200 3063
WARNING 2026-07-01 06:48:16,424 log 22688 27320 Not Found: /favicon.ico
WARNING 2026-07-01 06:48:16,444 basehttp 22688 27320 "GET /favicon.ico HTTP/1.1" 404 4708
INFO 2026-07-01 06:48:22,569 basehttp 22688 26280 "GET /api/auth/users/ HTTP/1.1" 200 750
INFO 2026-07-01 06:48:55,020 basehttp 22688 27320 "POST /admin/login/?next=/admin/ HTTP/1.1" 200 4341
INFO 2026-07-01 06:49:17,527 basehttp 22688 27320 "POST /admin/login/?next=/admin/ HTTP/1.1" 200 4339
INFO 2026-07-01 06:49:22,356 basehttp 22688 26280 "GET /api/auth/users/ HTTP/1.1" 200 750
INFO 2026-07-01 06:50:22,659 basehttp 22688 26280 "GET /api/auth/users/ HTTP/1.1" 200 750
INFO 2026-07-01 06:51:13,565 basehttp 22688 27320 "POST /admin/login/?next=/admin/ HTTP/1.1" 200 4339
INFO 2026-07-01 06:51:22,570 basehttp 22688 26280 "GET /api/auth/users/ HTTP/1.1" 200 1047
INFO 2026-07-01 06:52:22,596 basehttp 22688 26280 "GET /api/auth/users/ HTTP/1.1" 200 1047
INFO 2026-07-01 06:52:37,984 basehttp 22688 27320 "POST /admin/login/?next=/admin/ HTTP/1.1" 302 0
INFO 2026-07-01 06:52:38,217 basehttp 22688 27320 "GET /admin/ HTTP/1.1" 200 30779
INFO 2026-07-01 06:52:38,327 basehttp 22688 27320 "GET /static/admin/css/dashboard.css HTTP/1.1" 200 441
INFO 2026-07-01 06:52:38,344 basehttp 22688 27548 "GET /static/admin/img/icon-changelink.svg HTTP/1.1" 200 380
INFO 2026-07-01 06:52:38,472 basehttp 22688 27320 "GET /static/admin/img/icon-addlink.svg HTTP/1.1" 200 331
INFO 2026-07-01 06:54:06,250 basehttp 22688 27320 "GET /admin/authentication/finalapprover/ HTTP/1.1" 200 26175
INFO 2026-07-01 06:54:06,334 basehttp 22688 27320 "GET /static/admin/css/changelists.css HTTP/1.1" 200 6878
INFO 2026-07-01 06:54:06,407 basehttp 22688 7388 "GET /static/admin/js/jquery.init.js HTTP/1.1" 200 347
INFO 2026-07-01 06:54:06,530 basehttp 22688 7388 "GET /static/admin/js/urlify.js HTTP/1.1" 200 7887
INFO 2026-07-01 06:54:06,531 basehttp 22688 26772 "GET /static/admin/js/admin/RelatedObjectLookups.js HTTP/1.1" 200 9097
INFO 2026-07-01 06:54:06,629 basehttp 22688 7388 "GET /static/admin/js/prepopulate.js HTTP/1.1" 200 1531
INFO 2026-07-01 06:54:06,698 basehttp 22688 27548 "GET /admin/jsi18n/ HTTP/1.1" 200 3342
INFO 2026-07-01 06:54:06,699 basehttp 22688 7388 "GET /static/admin/img/search.svg HTTP/1.1" 200 458
INFO 2026-07-01 06:54:06,755 basehttp 22688 27320 "GET /static/admin/js/actions.js HTTP/1.1" 200 8076
INFO 2026-07-01 06:54:06,776 basehttp 22688 14912 "GET /static/admin/js/core.js HTTP/1.1" 200 6208
INFO 2026-07-01 06:54:06,995 basehttp 22688 26064 "GET /static/admin/js/vendor/jquery/jquery.js HTTP/1.1" 200 285314
INFO 2026-07-01 06:54:07,071 basehttp 22688 26064 "GET /static/admin/js/filters.js HTTP/1.1" 200 978
INFO 2026-07-01 06:54:07,248 basehttp 22688 26772 "GET /static/admin/js/vendor/xregexp/xregexp.js HTTP/1.1" 200 325171
INFO 2026-07-01 06:54:07,339 basehttp 22688 26772 "GET /static/admin/img/tooltag-add.svg HTTP/1.1" 200 331
INFO 2026-07-01 06:54:11,717 basehttp 22688 26772 "GET /admin/authentication/finalapprover/add/ HTTP/1.1" 200 33575
INFO 2026-07-01 06:54:11,793 basehttp 22688 26772 "GET /static/admin/css/forms.css HTTP/1.1" 200 8794
INFO 2026-07-01 06:54:11,803 basehttp 22688 26064 "GET /static/admin/js/prepopulate_init.js HTTP/1.1" 200 586
INFO 2026-07-01 06:54:11,871 basehttp 22688 26064 "GET /static/admin/css/widgets.css HTTP/1.1" 200 11564
INFO 2026-07-01 06:54:11,916 basehttp 22688 26064 "GET /static/admin/img/icon-deletelink.svg HTTP/1.1" 200 392
INFO 2026-07-01 06:54:11,970 basehttp 22688 26064 "GET /static/admin/img/icon-viewlink.svg HTTP/1.1" 200 581
INFO 2026-07-01 06:54:12,030 basehttp 22688 14912 "GET /admin/jsi18n/ HTTP/1.1" 200 3342
INFO 2026-07-01 06:54:12,068 basehttp 22688 26064 "GET /static/admin/js/change_form.js HTTP/1.1" 200 606
INFO 2026-07-01 06:54:17,718 basehttp 22688 26280 "GET /api/auth/users/ HTTP/1.1" 200 1047
INFO 2026-07-01 06:54:24,333 basehttp 22688 26064 "GET /admin/assets/asset/add/ HTTP/1.1" 200 61851
INFO 2026-07-01 06:54:24,443 basehttp 22688 26772 "GET /admin/jsi18n/ HTTP/1.1" 200 3342
INFO 2026-07-01 06:54:24,447 basehttp 22688 26064 "GET /static/admin/js/calendar.js HTTP/1.1" 200 9141
INFO 2026-07-01 06:54:24,449 basehttp 22688 14912 "GET /static/admin/js/admin/DateTimeShortcuts.js HTTP/1.1" 200 19319
INFO 2026-07-01 06:54:24,747 basehttp 22688 14912 "GET /static/admin/img/icon-calendar.svg HTTP/1.1" 200 1086
INFO 2026-07-01 06:55:17,561 basehttp 22688 26280 "GET /api/auth/users/ HTTP/1.1" 200 1047
INFO 2026-07-01 06:56:17,561 basehttp 22688 26280 "GET /api/auth/users/ HTTP/1.1" 200 1047
INFO 2026-07-01 06:57:00,376 basehttp 22688 14912 "GET /admin/reports/report/ HTTP/1.1" 200 27942
INFO 2026-07-01 06:57:00,445 basehttp 22688 14912 "GET /admin/jsi18n/ HTTP/1.1" 200 3342
INFO 2026-07-01 06:57:06,449 basehttp 22688 14912 "GET /admin/assets/asset/ HTTP/1.1" 200 34743
INFO 2026-07-01 06:57:06,517 basehttp 22688 26064 "GET /admin/jsi18n/ HTTP/1.1" 200 3342
INFO 2026-07-01 06:57:06,540 basehttp 22688 14912 "GET /static/admin/img/icon-yes.svg HTTP/1.1" 200 436
INFO 2026-07-01 06:57:17,581 basehttp 22688 26280 "GET /api/auth/users/ HTTP/1.1" 200 1047
INFO 2026-07-01 06:57:28,881 basehttp 22688 14912 "GET /admin/assets/asset/add/ HTTP/1.1" 200 61851
INFO 2026-07-01 06:57:28,953 basehttp 22688 14912 "GET /admin/jsi18n/ HTTP/1.1" 200 3342
INFO 2026-07-01 06:57:33,878 basehttp 22688 14912 "GET /admin/assets/asset/ HTTP/1.1" 200 34743
INFO 2026-07-01 06:57:33,946 basehttp 22688 14912 "GET /admin/jsi18n/ HTTP/1.1" 200 3342
INFO 2026-07-01 06:58:17,638 basehttp 22688 26280 "GET /api/auth/users/ HTTP/1.1" 200 1047
INFO 2026-07-01 06:58:38,170 basehttp 22688 14912 "GET /admin/authentication/usersettings/ HTTP/1.1" 200 27495
INFO 2026-07-01 06:58:38,244 basehttp 22688 14912 "GET /admin/jsi18n/ HTTP/1.1" 200 3342
INFO 2026-07-01 06:58:47,785 basehttp 22688 14912 "GET /admin/authentication/usersettings/add/ HTTP/1.1" 200 35712
INFO 2026-07-01 06:58:47,853 basehttp 22688 14912 "GET /admin/jsi18n/ HTTP/1.1" 200 3342
INFO 2026-07-01 06:58:59,646 basehttp 22688 14912 "GET /admin/authentication/user/ HTTP/1.1" 200 31505
INFO 2026-07-01 06:58:59,722 basehttp 22688 14912 "GET /admin/jsi18n/ HTTP/1.1" 200 3342
INFO 2026-07-01 06:58:59,808 basehttp 22688 14912 "GET /static/admin/img/sorting-icons.svg HTTP/1.1" 200 1097
INFO 2026-07-01 06:59:12,498 basehttp 22688 14912 "GET /admin/authentication/user/add/ HTTP/1.1" 200 56271
INFO 2026-07-01 06:59:12,581 basehttp 22688 14912 "GET /admin/jsi18n/ HTTP/1.1" 200 3342
INFO 2026-07-01 06:59:12,839 basehttp 22688 14912 "GET /static/admin/img/icon-clock.svg HTTP/1.1" 200 677
INFO 2026-07-01 06:59:17,882 basehttp 22688 26280 "GET /api/auth/users/ HTTP/1.1" 200 1047
INFO 2026-07-01 07:00:17,248 basehttp 22688 14912 "POST /admin/authentication/user/add/ HTTP/1.1" 200 56544
INFO 2026-07-01 07:00:17,336 basehttp 22688 14912 "GET /admin/jsi18n/ HTTP/1.1" 200 3342
INFO 2026-07-01 07:00:17,809 basehttp 22688 26280 "GET /api/auth/users/ HTTP/1.1" 200 1047
INFO 2026-07-01 07:00:27,654 basehttp 22688 14912 "GET /admin/dashboard/licensemeta/ HTTP/1.1" 200 26159
INFO 2026-07-01 07:00:27,729 basehttp 22688 14912 "GET /admin/jsi18n/ HTTP/1.1" 200 3342
INFO 2026-07-01 07:00:30,382 basehttp 22688 26280 "GET /api/auth/users/ HTTP/1.1" 200 1047
INFO 2026-07-01 07:01:01,083 basehttp 22688 26280 "GET /api/auth/users/ HTTP/1.1" 200 1047
INFO 2026-07-01 07:02:00,977 basehttp 22688 26280 "GET /api/auth/users/ HTTP/1.1" 200 1047
INFO 2026-07-01 07:02:40,018 basehttp 22688 26280 "GET /api/auth/users/ HTTP/1.1" 200 1047
INFO 2026-07-01 07:03:23,605 basehttp 22688 26404 "GET /api/auth/users/ HTTP/1.1" 200 1047
INFO 2026-07-01 07:03:37,250 basehttp 22688 26404 "GET /api/auth/users/ HTTP/1.1" 200 1047
INFO 2026-07-01 07:04:06,856 basehttp 22688 14628 "GET /admin/audit/auditincharge/ HTTP/1.1" 200 26370
INFO 2026-07-01 07:04:06,951 basehttp 22688 14628 "GET /admin/jsi18n/ HTTP/1.1" 200 3342
INFO 2026-07-01 07:04:09,564 basehttp 22688 14628 "GET /admin/audit/auditincharge/?_facets=True HTTP/1.1" 200 26422
INFO 2026-07-01 07:04:09,630 basehttp 22688 14628 "GET /admin/jsi18n/ HTTP/1.1" 200 3342
INFO 2026-07-01 07:04:09,722 basehttp 22688 14628 "GET /static/admin/img/icon-hidelink.svg HTTP/1.1" 200 784
INFO 2026-07-01 07:04:13,701 basehttp 22688 14628 "GET /admin/audit/auditincharge/add/?_changelist_filters=_facets%3DTrue HTTP/1.1" 200 34944
INFO 2026-07-01 07:04:13,783 basehttp 22688 14628 "GET /admin/jsi18n/ HTTP/1.1" 200 3342
INFO 2026-07-01 07:04:18,653 basehttp 22688 14628 "GET /admin/audit/auditincharge/?_facets=True HTTP/1.1" 200 26422
INFO 2026-07-01 07:04:37,693 basehttp 22688 26404 "GET /api/auth/users/ HTTP/1.1" 200 1047
INFO 2026-07-01 07:05:37,687 basehttp 22688 26404 "GET /api/auth/users/ HTTP/1.1" 200 1047
INFO 2026-07-01 07:06:37,793 basehttp 22688 26404 "GET /api/auth/users/ HTTP/1.1" 200 1047
WARNING 2026-07-01 07:07:10,309 log 22688 26404 Unauthorized: /api/auth/login/
WARNING 2026-07-01 07:07:10,375 basehttp 22688 26404 "POST /api/auth/login/ HTTP/1.1" 401 75
WARNING 2026-07-01 07:07:34,967 log 22688 26404 Unauthorized: /api/auth/login/
WARNING 2026-07-01 07:07:34,969 basehttp 22688 26404 "POST /api/auth/login/ HTTP/1.1" 401 75
INFO 2026-07-01 07:07:39,491 basehttp 22688 26404 "POST /api/auth/login/ HTTP/1.1" 200 842
INFO 2026-07-01 07:07:39,800 basehttp 22688 26404 "GET /api/auth/users/ HTTP/1.1" 200 1047
INFO 2026-07-01 07:09:24,651 basehttp 22688 26404 "GET /api/auth/users/ HTTP/1.1" 200 1047
WARNING 2026-07-01 07:09:51,240 log 22688 26404 Unauthorized: /api/auth/login/
WARNING 2026-07-01 07:09:51,242 basehttp 22688 26404 "POST /api/auth/login/ HTTP/1.1" 401 75
WARNING 2026-07-01 07:10:00,456 log 22688 26404 Unauthorized: /api/auth/login/
WARNING 2026-07-01 07:10:00,456 basehttp 22688 26404 "POST /api/auth/login/ HTTP/1.1" 401 75
WARNING 2026-07-01 07:10:10,633 log 22688 26404 Unauthorized: /api/auth/login/
WARNING 2026-07-01 07:10:10,636 basehttp 22688 26404 "POST /api/auth/login/ HTTP/1.1" 401 75
INFO 2026-07-01 07:10:20,928 basehttp 22688 26404 "POST /api/auth/login/ HTTP/1.1" 200 842
INFO 2026-07-01 07:10:21,078 basehttp 22688 26404 "GET /api/auth/users/ HTTP/1.1" 200 1047
INFO 2026-07-01 07:11:54,032 basehttp 22688 26404 "GET /api/auth/users/ HTTP/1.1" 200 1047
INFO 2026-07-01 07:12:28,877 basehttp 22688 26404 "GET /api/auth/users/ HTTP/1.1" 200 1047
INFO 2026-07-01 07:13:17,832 basehttp 22688 26404 "GET /api/auth/users/ HTTP/1.1" 200 1047
INFO 2026-07-01 07:14:18,414 basehttp 22688 26404 "GET /api/auth/users/ HTTP/1.1" 200 1047
INFO 2026-07-01 07:17:30,067 basehttp 22688 26404 "GET /api/auth/users/ HTTP/1.1" 200 1047
INFO 2026-07-01 07:18:18,097 basehttp 22688 26404 "GET /api/auth/users/ HTTP/1.1" 200 1047
INFO 2026-07-01 07:19:59,391 basehttp 22688 26404 "GET /api/auth/users/ HTTP/1.1" 200 1047
INFO 2026-07-01 07:20:26,189 basehttp 22688 26404 "GET /api/auth/users/ HTTP/1.1" 200 1047
INFO 2026-07-01 07:20:34,029 basehttp 22688 26404 "GET /api/auth/users/ HTTP/1.1" 200 1047
INFO 2026-07-01 07:20:46,720 basehttp 22688 26404 "GET /api/auth/users/ HTTP/1.1" 200 1047
INFO 2026-07-01 07:21:46,564 basehttp 22688 26404 "GET /api/auth/users/ HTTP/1.1" 200 1047
INFO 2026-07-01 07:22:46,559 basehttp 22688 26404 "GET /api/auth/users/ HTTP/1.1" 200 1047
INFO 2026-07-01 07:23:47,009 basehttp 22688 26404 "GET /api/auth/users/ HTTP/1.1" 200 1047
INFO 2026-07-01 07:24:47,339 basehttp 22688 26404 "GET /api/auth/users/ HTTP/1.1" 200 1047
INFO 2026-07-01 07:25:46,246 basehttp 22688 26404 "GET /api/auth/users/ HTTP/1.1" 200 1047
INFO 2026-07-01 07:26:46,560 basehttp 22688 26404 "GET /api/auth/users/ HTTP/1.1" 200 1047
INFO 2026-07-01 07:26:55,046 basehttp 22688 26404 "GET /api/auth/users/ HTTP/1.1" 200 1047
INFO 2026-07-01 07:27:35,579 basehttp 22688 26404 "GET /api/auth/users/ HTTP/1.1" 200 1047
INFO 2026-07-01 07:27:41,672 basehttp 22688 26404 "GET /api/auth/users/ HTTP/1.1" 200 1047
INFO 2026-07-01 07:27:55,035 basehttp 22688 26404 "GET /api/auth/users/ HTTP/1.1" 200 1047
INFO 2026-07-01 07:28:42,779 basehttp 22688 26404 "GET /api/auth/users/ HTTP/1.1" 200 1047
INFO 2026-07-01 07:28:55,016 basehttp 22688 26404 "GET /api/auth/users/ HTTP/1.1" 200 1047
INFO 2026-07-01 07:29:41,757 basehttp 22688 26404 "GET /api/auth/users/ HTTP/1.1" 200 1047
INFO 2026-07-01 07:29:46,990 basehttp 22688 26404 "GET /api/auth/users/ HTTP/1.1" 200 1047
INFO 2026-07-01 07:29:55,947 basehttp 22688 26404 "GET /api/auth/users/ HTTP/1.1" 200 1047
INFO 2026-07-01 07:30:14,375 basehttp 22688 26404 "GET /api/auth/users/ HTTP/1.1" 200 1047
INFO 2026-07-01 07:31:20,457 basehttp 22688 26404 "GET /api/auth/users/ HTTP/1.1" 200 1047
INFO 2026-07-01 07:31:21,693 basehttp 22688 26404 "GET /api/auth/users/ HTTP/1.1" 200 1047
INFO 2026-07-01 07:32:11,898 basehttp 22688 26404 "GET /api/auth/users/ HTTP/1.1" 200 1047
INFO 2026-07-01 07:32:12,280 basehttp 22688 26404 "GET /api/auth/users/ HTTP/1.1" 200 1047
INFO 2026-07-01 07:32:33,260 basehttp 22688 26404 "GET /api/auth/users/ HTTP/1.1" 200 1047
INFO 2026-07-01 07:32:53,374 basehttp 22688 26404 "GET /api/auth/users/ HTTP/1.1" 200 1047
INFO 2026-07-01 07:32:53,943 basehttp 22688 26404 "GET /api/auth/users/ HTTP/1.1" 200 1047
INFO 2026-07-01 07:34:12,539 basehttp 22688 27540 "GET /api/auth/users/ HTTP/1.1" 200 1047
INFO 2026-07-01 07:34:12,733 basehttp 22688 27540 "GET /api/auth/users/ HTTP/1.1" 200 1047
INFO 2026-07-01 07:34:15,029 basehttp 22688 27540 "GET /api/auth/users/ HTTP/1.1" 200 1047
INFO 2026-07-01 07:34:44,550 basehttp 22688 27540 "GET /api/auth/users/ HTTP/1.1" 200 1047
INFO 2026-07-01 07:34:45,174 basehttp 22688 21004 "GET /api/auth/users/ HTTP/1.1" 200 1047
INFO 2026-07-01 07:34:53,807 basehttp 22688 21004 "GET /api/auth/users/ HTTP/1.1" 200 1047
INFO 2026-07-01 07:35:44,788 basehttp 22688 21004 "GET /api/auth/users/ HTTP/1.1" 200 1047
INFO 2026-07-01 07:35:54,770 basehttp 22688 21004 "GET /api/auth/users/ HTTP/1.1" 200 1047
INFO 2026-07-01 07:36:43,846 basehttp 22688 21004 "GET /api/auth/users/ HTTP/1.1" 200 1047
INFO 2026-07-01 07:36:54,554 basehttp 22688 21004 "GET /api/auth/users/ HTTP/1.1" 200 1047
INFO 2026-07-01 07:37:21,042 basehttp 22688 21004 "GET /api/auth/users/ HTTP/1.1" 200 1047
INFO 2026-07-01 07:37:33,631 basehttp 22688 21004 "GET /api/auth/users/ HTTP/1.1" 200 1047
INFO 2026-07-01 07:37:39,763 basehttp 22688 21004 "GET /api/auth/users/ HTTP/1.1" 200 1047
INFO 2026-07-01 07:37:56,068 basehttp 22688 21004 "GET /api/auth/users/ HTTP/1.1" 200 1047
INFO 2026-07-01 07:38:56,003 basehttp 22688 21004 "GET /api/auth/users/ HTTP/1.1" 200 1047
INFO 2026-07-01 07:39:56,136 basehttp 22688 21004 "GET /api/auth/users/ HTTP/1.1" 200 1047
INFO 2026-07-01 07:40:56,847 basehttp 22688 21004 "GET /api/auth/users/ HTTP/1.1" 200 1047
INFO 2026-07-01 07:42:06,888 basehttp 22688 21004 "GET /api/auth/users/ HTTP/1.1" 200 1047
INFO 2026-07-01 07:43:06,726 basehttp 22688 21004 "GET /api/auth/users/ HTTP/1.1" 200 1047
INFO 2026-07-01 07:44:08,839 basehttp 22688 21004 "GET /api/auth/users/ HTTP/1.1" 200 1047
INFO 2026-07-01 07:44:18,830 basehttp 22688 21004 "GET /api/auth/users/ HTTP/1.1" 200 1047
INFO 2026-07-01 07:45:00,992 basehttp 22688 21004 "GET /api/auth/users/ HTTP/1.1" 200 1047
INFO 2026-07-01 07:45:10,226 basehttp 22688 21004 "GET /api/auth/users/ HTTP/1.1" 200 1047
INFO 2026-07-01 07:45:43,590 basehttp 22688 21004 "GET /api/auth/users/ HTTP/1.1" 200 1047
INFO 2026-07-01 07:46:06,680 basehttp 22688 21004 "GET /api/auth/users/ HTTP/1.1" 200 1047
INFO 2026-07-01 07:46:10,371 basehttp 22688 21004 "OPTIONS /api/auth/users/2/ HTTP/1.1" 200 0
WARNING 2026-07-01 07:46:10,485 log 22688 21004 Not Found: /api/auth/users/2/
WARNING 2026-07-01 07:46:10,495 basehttp 22688 21004 "PUT /api/auth/users/2/ HTTP/1.1" 404 7946
WARNING 2026-07-01 07:46:17,571 log 22688 21004 Not Found: /api/auth/users/2/
WARNING 2026-07-01 07:46:17,578 basehttp 22688 21004 "PUT /api/auth/users/2/ HTTP/1.1" 404 7946
INFO 2026-07-01 07:47:05,513 basehttp 22688 21004 "GET /api/auth/users/ HTTP/1.1" 200 1047
INFO 2026-07-01 07:47:06,059 basehttp 22688 26760 "GET /api/auth/users/ HTTP/1.1" 200 1047
WARNING 2026-07-01 07:47:07,807 log 22688 26760 Not Found: /api/auth/users/2/
WARNING 2026-07-01 07:47:07,855 basehttp 22688 26760 "PUT /api/auth/users/2/ HTTP/1.1" 404 7946
WARNING 2026-07-01 07:47:18,735 log 22688 26760 Not Found: /api/auth/users/2/
WARNING 2026-07-01 07:47:18,742 basehttp 22688 26760 "PUT /api/auth/users/2/ HTTP/1.1" 404 7946
WARNING 2026-07-01 07:47:23,916 log 22688 26760 Not Found: /api/auth/users/2/
WARNING 2026-07-01 07:47:24,027 basehttp 22688 26760 "PUT /api/auth/users/2/ HTTP/1.1" 404 7946
INFO 2026-07-01 07:47:39,865 basehttp 22688 26760 "GET /api/auth/users/ HTTP/1.1" 200 1047
INFO 2026-07-01 07:47:47,403 autoreload 22688 11916 F:\SAMS\sams_backend\authentication\urls.py changed, reloading.
INFO 2026-07-01 07:47:47,655 autoreload 5028 22800 F:\SAMS\sams_backend\authentication\urls.py changed, reloading.
INFO 2026-07-01 07:47:48,224 autoreload 26076 20704 F:\SAMS\sams_backend\authentication\urls.py changed, reloading.
INFO 2026-07-01 07:47:59,467 autoreload 28052 24556 Watching for file changes with StatReloader
INFO 2026-07-01 07:48:05,441 autoreload 4484 26360 Watching for file changes with StatReloader
INFO 2026-07-01 07:48:06,185 basehttp 28052 27256 "GET /api/auth/users/ HTTP/1.1" 200 1047
INFO 2026-07-01 07:48:07,037 autoreload 27832 7240 Watching for file changes with StatReloader
INFO 2026-07-01 20:33:39,998 autoreload 6036 18152 Watching for file changes with StatReloader
INFO 2026-07-01 21:20:48,194 wasyncore 11520 5764 Serving on http://127.0.0.1:8000
INFO 2026-07-01 21:22:20,900 basehttp 6036 2148 "GET /admin HTTP/1.1" 301 0
INFO 2026-07-01 21:22:21,503 basehttp 6036 18116 "GET /admin/ HTTP/1.1" 200 30779
INFO 2026-07-01 21:22:22,228 basehttp 6036 8640 "GET /static/admin/css/responsive.css HTTP/1.1" 200 17972
INFO 2026-07-01 21:22:22,250 basehttp 6036 3080 "GET /static/admin/css/dark_mode.css HTTP/1.1" 200 2804
INFO 2026-07-01 21:22:22,248 basehttp 6036 15140 "GET /static/admin/css/nav_sidebar.css HTTP/1.1" 200 2810
INFO 2026-07-01 21:22:22,243 basehttp 6036 18116 "GET /static/admin/css/base.css HTTP/1.1" 200 22092
INFO 2026-07-01 21:22:22,250 basehttp 6036 17136 "GET /static/admin/css/dashboard.css HTTP/1.1" 200 441
INFO 2026-07-01 21:22:22,281 basehttp 6036 5460 "GET /static/admin/js/theme.js HTTP/1.1" 200 1653
INFO 2026-07-01 21:22:22,326 basehttp 6036 3080 "GET /static/admin/img/icon-changelink.svg HTTP/1.1" 200 380
INFO 2026-07-01 21:22:22,347 basehttp 6036 5460 "GET /static/admin/img/icon-addlink.svg HTTP/1.1" 200 331
INFO 2026-07-01 21:22:22,368 basehttp 6036 17136 "GET /static/admin/js/nav_sidebar.js HTTP/1.1" 200 3063
WARNING 2026-07-01 21:22:22,505 log 6036 17136 Not Found: /favicon.ico
WARNING 2026-07-01 21:22:22,508 basehttp 6036 17136 "GET /favicon.ico HTTP/1.1" 404 4708
WARNING 2026-07-01 21:22:31,465 log 6036 17136 Not Found: /
WARNING 2026-07-01 21:22:31,468 basehttp 6036 17136 "GET / HTTP/1.1" 404 4657
INFO 2026-07-01 21:22:34,164 basehttp 6036 17136 "GET /admin/ HTTP/1.1" 200 30779
INFO 2026-07-01 21:36:21,687 basehttp 6036 17864 "OPTIONS /api/auth/login/ HTTP/1.1" 200 0
WARNING 2026-07-01 21:36:24,884 log 6036 17864 Unauthorized: /api/auth/login/
WARNING 2026-07-01 21:36:24,886 basehttp 6036 17864 "POST /api/auth/login/ HTTP/1.1" 401 75
WARNING 2026-07-01 21:36:30,001 log 6036 17864 Unauthorized: /api/auth/login/
WARNING 2026-07-01 21:36:30,002 basehttp 6036 17864 "POST /api/auth/login/ HTTP/1.1" 401 75
WARNING 2026-07-01 21:36:56,575 log 6036 17864 Unauthorized: /api/auth/login/
WARNING 2026-07-01 21:36:56,576 basehttp 6036 17864 "POST /api/auth/login/ HTTP/1.1" 401 75
WARNING 2026-07-01 21:37:11,091 log 6036 17864 Unauthorized: /api/auth/login/
WARNING 2026-07-01 21:37:11,093 basehttp 6036 17864 "POST /api/auth/login/ HTTP/1.1" 401 75
INFO 2026-07-01 21:39:19,742 basehttp 6036 14516 "GET /admin/authentication/user/ HTTP/1.1" 200 31505
INFO 2026-07-01 21:39:19,828 basehttp 6036 14516 "GET /static/admin/css/changelists.css HTTP/1.1" 200 6878
INFO 2026-07-01 21:39:19,886 basehttp 6036 8476 "GET /static/admin/js/jquery.init.js HTTP/1.1" 200 347
INFO 2026-07-01 21:39:19,954 basehttp 6036 14516 "GET /static/admin/js/actions.js HTTP/1.1" 200 8076
INFO 2026-07-01 21:39:19,962 basehttp 6036 10428 "GET /static/admin/js/admin/RelatedObjectLookups.js HTTP/1.1" 200 9097
INFO 2026-07-01 21:39:20,014 basehttp 6036 8476 "GET /static/admin/js/urlify.js HTTP/1.1" 200 7887
INFO 2026-07-01 21:39:20,039 basehttp 6036 14516 "GET /static/admin/js/prepopulate.js HTTP/1.1" 200 1531
INFO 2026-07-01 21:39:20,064 basehttp 6036 11100 "GET /static/admin/js/core.js HTTP/1.1" 200 6208
INFO 2026-07-01 21:39:20,088 basehttp 6036 8476 "GET /static/admin/img/search.svg HTTP/1.1" 200 458
INFO 2026-07-01 21:39:20,110 basehttp 6036 14516 "GET /static/admin/img/icon-yes.svg HTTP/1.1" 200 436
INFO 2026-07-01 21:39:20,126 basehttp 6036 15284 "GET /static/admin/js/vendor/jquery/jquery.js HTTP/1.1" 200 285314
INFO 2026-07-01 21:39:20,161 basehttp 6036 14368 "GET /admin/jsi18n/ HTTP/1.1" 200 3342
INFO 2026-07-01 21:39:20,237 basehttp 6036 14368 "GET /static/admin/js/filters.js HTTP/1.1" 200 978
INFO 2026-07-01 21:39:20,386 basehttp 6036 10428 "GET /static/admin/js/vendor/xregexp/xregexp.js HTTP/1.1" 200 325171
INFO 2026-07-01 21:39:20,458 basehttp 6036 15284 "GET /static/admin/img/icon-viewlink.svg HTTP/1.1" 200 581
INFO 2026-07-01 21:39:20,461 basehttp 6036 10428 "GET /static/admin/img/tooltag-add.svg HTTP/1.1" 200 331
INFO 2026-07-01 21:39:20,462 basehttp 6036 14368 "GET /static/admin/img/sorting-icons.svg HTTP/1.1" 200 1097
INFO 2026-07-01 21:39:23,824 basehttp 6036 14368 "GET /admin/authentication/user/add/ HTTP/1.1" 200 56271
INFO 2026-07-01 21:39:23,913 basehttp 6036 14516 "GET /admin/jsi18n/ HTTP/1.1" 200 3342
INFO 2026-07-01 21:39:23,933 basehttp 6036 14368 "GET /static/admin/css/forms.css HTTP/1.1" 200 8794
INFO 2026-07-01 21:39:23,950 basehttp 6036 8476 "GET /static/admin/js/prepopulate_init.js HTTP/1.1" 200 586
INFO 2026-07-01 21:39:23,958 basehttp 6036 10428 "GET /static/admin/js/calendar.js HTTP/1.1" 200 9141
INFO 2026-07-01 21:39:23,958 basehttp 6036 15284 "GET /static/admin/js/admin/DateTimeShortcuts.js HTTP/1.1" 200 19319
INFO 2026-07-01 21:39:23,984 basehttp 6036 14368 "GET /static/admin/css/widgets.css HTTP/1.1" 200 11564
INFO 2026-07-01 21:39:24,571 basehttp 6036 15284 "GET /static/admin/js/change_form.js HTTP/1.1" 200 606
INFO 2026-07-01 21:39:24,723 basehttp 6036 14368 "GET /static/admin/img/icon-clock.svg HTTP/1.1" 200 677
INFO 2026-07-01 21:39:24,725 basehttp 6036 15284 "GET /static/admin/img/icon-calendar.svg HTTP/1.1" 200 1086
INFO 2026-07-01 21:40:35,073 basehttp 6036 15284 "POST /admin/authentication/user/add/ HTTP/1.1" 302 0
INFO 2026-07-01 21:40:35,384 basehttp 6036 15284 "GET /admin/authentication/user/add/ HTTP/1.1" 200 56523
INFO 2026-07-01 21:40:35,466 basehttp 6036 15284 "GET /admin/jsi18n/ HTTP/1.1" 200 3342
WARNING 2026-07-01 21:40:50,393 log 6036 17864 Unauthorized: /api/auth/login/
WARNING 2026-07-01 21:40:50,394 basehttp 6036 17864 "POST /api/auth/login/ HTTP/1.1" 401 75
INFO 2026-07-01 21:42:23,436 basehttp 6036 15284 "POST /admin/authentication/user/add/ HTTP/1.1" 200 56539
INFO 2026-07-01 21:42:23,548 basehttp 6036 15284 "GET /admin/jsi18n/ HTTP/1.1" 200 3342
INFO 2026-07-01 21:42:29,667 basehttp 6036 15284 "GET /admin/authentication/userpermission/ HTTP/1.1" 200 27765
INFO 2026-07-01 21:42:29,746 basehttp 6036 15284 "GET /admin/jsi18n/ HTTP/1.1" 200 3342
INFO 2026-07-01 21:42:33,841 basehttp 6036 15284 "GET /admin/authentication/usersettings/ HTTP/1.1" 200 27495
INFO 2026-07-01 21:42:33,883 basehttp 6036 15284 "GET /admin/jsi18n/ HTTP/1.1" 200 3342
INFO 2026-07-01 21:42:38,743 basehttp 6036 15284 "GET /admin/authentication/usersettings/?_facets=True HTTP/1.1" 200 27752
INFO 2026-07-01 21:42:38,807 basehttp 6036 15284 "GET /admin/jsi18n/ HTTP/1.1" 200 3342
INFO 2026-07-01 21:42:38,881 basehttp 6036 15284 "GET /static/admin/img/icon-hidelink.svg HTTP/1.1" 200 784
INFO 2026-07-01 21:43:59,024 basehttp 6036 17864 "POST /api/auth/login/ HTTP/1.1" 200 861
INFO 2026-07-01 21:43:59,122 basehttp 6036 17864 "OPTIONS /api/auth/users/ HTTP/1.1" 200 0
INFO 2026-07-01 21:43:59,146 basehttp 6036 17864 "GET /api/auth/users/ HTTP/1.1" 200 484
INFO 2026-07-01 21:44:13,411 basehttp 6036 17864 "GET /api/auth/users/ HTTP/1.1" 200 484
INFO 2026-07-01 21:44:49,259 basehttp 6036 17864 "GET /api/auth/users/ HTTP/1.1" 200 484
INFO 2026-07-01 21:44:55,390 basehttp 6036 17864 "OPTIONS /api/auth/users/8/ HTTP/1.1" 200 0
INFO 2026-07-01 21:44:55,425 basehttp 6036 17864 "PUT /api/auth/users/8/ HTTP/1.1" 200 304
INFO 2026-07-01 21:44:59,130 basehttp 6036 17864 "GET /api/auth/users/ HTTP/1.1" 200 485
INFO 2026-07-01 21:45:28,114 basehttp 6036 17864 "POST /api/auth/login/ HTTP/1.1" 200 844
INFO 2026-07-01 21:45:28,188 basehttp 6036 17864 "GET /api/auth/users/ HTTP/1.1" 200 2844
INFO 2026-07-01 21:46:29,249 basehttp 6036 17864 "GET /api/auth/users/ HTTP/1.1" 200 2844
INFO 2026-07-01 21:47:29,179 basehttp 6036 17864 "GET /api/auth/users/ HTTP/1.1" 200 2844
INFO 2026-07-01 21:48:29,237 basehttp 6036 17864 "GET /api/auth/users/ HTTP/1.1" 200 2844
INFO 2026-07-01 21:49:29,174 basehttp 6036 17864 "GET /api/auth/users/ HTTP/1.1" 200 2844
INFO 2026-07-01 21:50:29,187 basehttp 6036 17864 "GET /api/auth/users/ HTTP/1.1" 200 2844
INFO 2026-07-01 21:51:28,186 basehttp 6036 17864 "GET /api/auth/users/ HTTP/1.1" 200 2844
INFO 2026-07-01 21:52:29,181 basehttp 6036 17864 "GET /api/auth/users/ HTTP/1.1" 200 2844
INFO 2026-07-01 21:53:28,846 basehttp 6036 17864 "GET /api/auth/users/ HTTP/1.1" 200 2844
INFO 2026-07-01 21:54:29,178 basehttp 6036 17864 "GET /api/auth/users/ HTTP/1.1" 200 2844
INFO 2026-07-01 21:56:25,176 basehttp 6036 17864 "GET /api/auth/users/ HTTP/1.1" 200 2844
INFO 2026-07-01 21:57:25,272 basehttp 6036 17864 "GET /api/auth/users/ HTTP/1.1" 200 2844
INFO 2026-07-01 21:59:02,278 basehttp 6036 17864 "GET /api/auth/users/ HTTP/1.1" 200 2844
INFO 2026-07-01 21:59:28,175 basehttp 6036 17864 "GET /api/auth/users/ HTTP/1.1" 200 2844
INFO 2026-07-01 22:00:29,181 basehttp 6036 17864 "GET /api/auth/users/ HTTP/1.1" 200 2844
INFO 2026-07-01 22:01:29,169 basehttp 6036 17864 "GET /api/auth/users/ HTTP/1.1" 200 2844
INFO 2026-07-01 22:02:44,695 basehttp 6036 2212 "GET /api/auth/users/ HTTP/1.1" 200 2844
INFO 2026-07-01 22:03:29,175 basehttp 6036 2212 "GET /api/auth/users/ HTTP/1.1" 200 2844
INFO 2026-07-01 22:05:25,171 basehttp 6036 2212 "GET /api/auth/users/ HTTP/1.1" 200 2844
INFO 2026-07-01 22:06:25,184 basehttp 6036 2212 "GET /api/auth/users/ HTTP/1.1" 200 2844
INFO 2026-07-01 22:08:25,174 basehttp 6036 2212 "GET /api/auth/users/ HTTP/1.1" 200 2844
INFO 2026-07-01 22:09:25,183 basehttp 6036 2212 "GET /api/auth/users/ HTTP/1.1" 200 2844
INFO 2026-07-01 22:11:25,183 basehttp 6036 2212 "GET /api/auth/users/ HTTP/1.1" 200 2844
INFO 2026-07-01 22:13:25,252 basehttp 6036 2212 "GET /api/auth/users/ HTTP/1.1" 200 2844
INFO 2026-07-01 22:15:25,174 basehttp 6036 2212 "GET /api/auth/users/ HTTP/1.1" 200 2844
INFO 2026-07-01 22:16:25,181 basehttp 6036 2212 "GET /api/auth/users/ HTTP/1.1" 200 2844
INFO 2026-07-01 22:18:25,186 basehttp 6036 2212 "GET /api/auth/users/ HTTP/1.1" 200 2844
INFO 2026-07-01 22:20:25,176 basehttp 6036 2212 "GET /api/auth/users/ HTTP/1.1" 200 2844
INFO 2026-07-01 22:22:25,170 basehttp 6036 2212 "GET /api/auth/users/ HTTP/1.1" 200 2844
INFO 2026-07-01 22:23:25,243 basehttp 6036 2212 "GET /api/auth/users/ HTTP/1.1" 200 2844
INFO 2026-07-01 22:24:25,171 basehttp 6036 2212 "GET /api/auth/users/ HTTP/1.1" 200 2844
INFO 2026-07-01 22:25:25,177 basehttp 6036 2212 "GET /api/auth/users/ HTTP/1.1" 200 2844
INFO 2026-07-01 22:27:25,171 basehttp 6036 2212 "GET /api/auth/users/ HTTP/1.1" 200 2844
INFO 2026-07-01 22:28:25,178 basehttp 6036 2212 "GET /api/auth/users/ HTTP/1.1" 200 2844
INFO 2026-07-01 22:30:25,180 basehttp 6036 2212 "GET /api/auth/users/ HTTP/1.1" 200 2844
INFO 2026-07-01 22:32:25,173 basehttp 6036 2212 "GET /api/auth/users/ HTTP/1.1" 200 2844
INFO 2026-07-01 22:33:25,255 basehttp 6036 5980 "GET /api/auth/users/ HTTP/1.1" 200 2844
INFO 2026-07-01 22:35:25,175 basehttp 6036 5980 "GET /api/auth/users/ HTTP/1.1" 200 2844
INFO 2026-07-01 22:37:25,176 basehttp 6036 5980 "GET /api/auth/users/ HTTP/1.1" 200 2844
INFO 2026-07-01 22:39:25,182 basehttp 6036 5980 "GET /api/auth/users/ HTTP/1.1" 200 2844
INFO 2026-07-01 22:41:25,176 basehttp 6036 5980 "GET /api/auth/users/ HTTP/1.1" 200 2844
INFO 2026-07-01 22:43:25,250 basehttp 6036 5980 "GET /api/auth/users/ HTTP/1.1" 200 2844
INFO 2026-07-01 22:44:29,177 basehttp 6036 5980 "GET /api/auth/users/ HTTP/1.1" 200 2844
INFO 2026-07-01 22:45:17,768 basehttp 6036 5980 "GET /api/auth/users/ HTTP/1.1" 200 2844
WARNING 2026-07-01 22:45:28,241 log 6036 5980 Unauthorized: /api/auth/users/
WARNING 2026-07-01 22:45:28,243 basehttp 6036 5980 "GET /api/auth/users/ HTTP/1.1" 401 648
WARNING 2026-07-01 22:46:28,232 log 6036 5980 Unauthorized: /api/auth/users/
WARNING 2026-07-01 22:46:28,235 basehttp 6036 5980 "GET /api/auth/users/ HTTP/1.1" 401 648
WARNING 2026-07-01 22:47:29,179 log 6036 5980 Unauthorized: /api/auth/users/
WARNING 2026-07-01 22:47:29,181 basehttp 6036 5980 "GET /api/auth/users/ HTTP/1.1" 401 648
WARNING 2026-07-01 22:47:46,421 log 6036 5980 Unauthorized: /api/auth/users/
WARNING 2026-07-01 22:47:46,426 basehttp 6036 5980 "GET /api/auth/users/ HTTP/1.1" 401 648
INFO 2026-07-01 23:17:07,843 basehttp 6036 9416 "OPTIONS /api/auth/login/ HTTP/1.1" 200 0
WARNING 2026-07-01 23:17:12,659 log 6036 9416 Unauthorized: /api/auth/login/
WARNING 2026-07-01 23:17:12,662 basehttp 6036 9416 "POST /api/auth/login/ HTTP/1.1" 401 75
INFO 2026-07-01 23:17:44,338 autoreload 6036 18152 F:\SAMS\sams_backend\authentication\models.py changed, reloading.
INFO 2026-07-01 23:17:47,808 autoreload 16660 16600 Watching for file changes with StatReloader
INFO 2026-07-01 23:19:53,972 autoreload 16660 16600 F:\SAMS\sams_backend\authentication\views.py changed, reloading.
INFO 2026-07-01 23:19:56,575 autoreload 16416 6744 Watching for file changes with StatReloader
INFO 2026-07-01 23:21:25,988 autoreload 16416 6744 F:\SAMS\sams_backend\authentication\admin.py changed, reloading.
INFO 2026-07-01 23:21:27,459 autoreload 816 11860 Watching for file changes with StatReloader
INFO 2026-07-01 23:22:56,166 autoreload 816 11860 F:\SAMS\sams_backend\authentication\services\email_service.py changed, reloading.
INFO 2026-07-01 23:22:58,039 autoreload 17912 18832 Watching for file changes with StatReloader
INFO 2026-07-01 23:23:51,250 basehttp 17912 11400 "GET /admin/authentication/usersettings/?_facets=True HTTP/1.1" 200 28184
INFO 2026-07-01 23:23:51,369 basehttp 17912 11400 "GET /admin/jsi18n/ HTTP/1.1" 200 3342
ERROR 2026-07-01 23:23:55,564 basehttp 17912 11400 "GET /admin/authentication/otp/ HTTP/1.1" 500 59
INFO 2026-07-01 23:24:02,496 basehttp 17912 11400 "GET /admin/authentication/usersettings/?_facets=True HTTP/1.1" 200 28184
INFO 2026-07-01 23:36:05,664 autoreload 17912 18832 F:\SAMS\sams_backend\authentication\models.py changed, reloading.
INFO 2026-07-01 23:36:24,341 autoreload 1380 1464 Watching for file changes with StatReloader
WARNING 2026-07-01 23:37:26,602 log 1380 13092 Unauthorized: /api/auth/login/
WARNING 2026-07-01 23:37:26,605 basehttp 1380 13092 "POST /api/auth/login/ HTTP/1.1" 401 75
WARNING 2026-07-01 23:37:37,538 log 1380 13092 Unauthorized: /api/auth/login/
WARNING 2026-07-01 23:37:37,540 basehttp 1380 13092 "POST /api/auth/login/ HTTP/1.1" 401 75
INFO 2026-07-01 23:41:02,975 autoreload 1380 1464 F:\SAMS\sams_backend\authentication\models.py changed, reloading.
INFO 2026-07-01 23:41:05,071 autoreload 10288 5748 Watching for file changes with StatReloader
INFO 2026-07-01 23:41:17,423 autoreload 10288 5748 F:\SAMS\sams_backend\authentication\models.py changed, reloading.
INFO 2026-07-01 23:41:19,171 autoreload 17620 5484 Watching for file changes with StatReloader
INFO 2026-07-01 23:45:35,234 autoreload 17620 5484 F:\SAMS\sams_backend\authentication\models.py changed, reloading.
INFO 2026-07-01 23:45:37,302 autoreload 692 19156 Watching for file changes with StatReloader
WARNING 2026-07-01 23:46:03,387 log 692 19180 Unauthorized: /api/auth/login/
WARNING 2026-07-01 23:46:03,388 basehttp 692 19180 "POST /api/auth/login/ HTTP/1.1" 401 75
WARNING 2026-07-01 23:46:16,306 log 692 19180 Unauthorized: /api/auth/login/
WARNING 2026-07-01 23:46:16,307 basehttp 692 19180 "POST /api/auth/login/ HTTP/1.1" 401 75
WARNING 2026-07-01 23:46:45,258 log 692 19180 Unauthorized: /api/auth/login/
WARNING 2026-07-01 23:46:45,260 basehttp 692 19180 "POST /api/auth/login/ HTTP/1.1" 401 75
INFO 2026-07-01 23:58:18,909 basehttp 692 11876 "POST /api/auth/login/ HTTP/1.1" 200 844
INFO 2026-07-01 23:58:19,010 basehttp 692 11876 "OPTIONS /api/auth/users/ HTTP/1.1" 200 0
INFO 2026-07-01 23:58:19,136 basehttp 692 11876 "GET /api/auth/users/ HTTP/1.1" 200 2844
INFO 2026-07-01 23:59:19,184 basehttp 692 11876 "GET /api/auth/users/ HTTP/1.1" 200 2844
INFO 2026-07-02 00:00:19,187 basehttp 692 11876 "GET /api/auth/users/ HTTP/1.1" 200 2844
INFO 2026-07-02 00:08:04,579 autoreload 692 19156 F:\SAMS\sams_backend\authentication\models.py changed, reloading.
INFO 2026-07-02 00:08:06,803 autoreload 12672 10772 Watching for file changes with StatReloader
INFO 2026-07-02 00:08:23,072 autoreload 12672 10772 F:\SAMS\sams_backend\authentication\models.py changed, reloading.
INFO 2026-07-02 00:08:27,032 autoreload 14312 12696 Watching for file changes with StatReloader
INFO 2026-07-02 00:12:29,308 basehttp 14312 5212 "GET /api/auth/users/ HTTP/1.1" 200 3148
INFO 2026-07-02 00:14:42,551 autoreload 20112 20468 Watching for file changes with StatReloader
INFO 2026-07-02 00:16:21,227 autoreload 14588 19388 Watching for file changes with StatReloader
INFO 2026-07-02 00:17:35,208 autoreload 19760 11048 Watching for file changes with StatReloader
ERROR 2026-07-02 00:17:45,266 log 14312 10816 Internal Server Error: /api/auth/login/
ERROR 2026-07-02 00:17:45,266 basehttp 14312 10816 "POST /api/auth/login/ HTTP/1.1" 500 126
ERROR 2026-07-02 00:17:48,053 log 14312 10816 Internal Server Error: /api/auth/login/
ERROR 2026-07-02 00:17:48,057 basehttp 14312 10816 "POST /api/auth/login/ HTTP/1.1" 500 126
ERROR 2026-07-02 00:17:50,096 log 14312 10816 Internal Server Error: /api/auth/login/
ERROR 2026-07-02 00:17:50,098 basehttp 14312 10816 "POST /api/auth/login/ HTTP/1.1" 500 126
ERROR 2026-07-02 00:17:55,731 log 14312 10816 Internal Server Error: /api/auth/login/
ERROR 2026-07-02 00:17:55,732 basehttp 14312 10816 "POST /api/auth/login/ HTTP/1.1" 500 126
INFO 2026-07-02 00:18:01,312 basehttp 14312 10816 "POST /api/auth/login/ HTTP/1.1" 200 844
INFO 2026-07-02 00:18:01,517 basehttp 14312 10816 "GET /api/auth/users/ HTTP/1.1" 200 3148
INFO 2026-07-02 00:18:16,956 autoreload 15032 3148 Watching for file changes with StatReloader
WARNING 2026-07-02 00:19:02,521 log 14312 20468 Not Found: /
WARNING 2026-07-02 00:19:02,522 basehttp 14312 20468 "GET / HTTP/1.1" 404 4657
WARNING 2026-07-02 00:19:02,714 log 14312 20468 Not Found: /favicon.ico
WARNING 2026-07-02 00:19:02,716 basehttp 14312 20468 "GET /favicon.ico HTTP/1.1" 404 4708
WARNING 2026-07-02 00:19:10,784 log 14312 20468 Not Found: /
WARNING 2026-07-02 00:19:10,785 basehttp 14312 20468 "GET / HTTP/1.1" 404 4657
INFO 2026-07-02 00:20:21,207 autoreload 15032 3148 F:\SAMS\sams_backend\authentication\admin.py changed, reloading.
INFO 2026-07-02 00:20:22,256 autoreload 14312 12696 F:\SAMS\sams_backend\authentication\urls.py changed, reloading.
INFO 2026-07-02 00:20:32,555 autoreload 11632 19868 Watching for file changes with StatReloader
INFO 2026-07-02 00:20:35,183 autoreload 14032 20192 Watching for file changes with StatReloader
INFO 2026-07-02 00:22:58,171 basehttp 11632 6076 "OPTIONS /api/auth/login/ HTTP/1.1" 200 0
INFO 2026-07-02 00:22:59,458 basehttp 11632 6076 "POST /api/auth/login/ HTTP/1.1" 200 844
INFO 2026-07-02 00:22:59,573 basehttp 11632 6076 "OPTIONS /api/auth/users/ HTTP/1.1" 200 0
INFO 2026-07-02 00:22:59,612 basehttp 11632 6076 "GET /api/auth/users/ HTTP/1.1" 200 3148
INFO 2026-07-02 00:24:00,180 basehttp 11632 6076 "GET /api/auth/users/ HTTP/1.1" 200 3148
INFO 2026-07-02 00:25:00,182 basehttp 11632 6076 "GET /api/auth/users/ HTTP/1.1" 200 3148
INFO 2026-07-02 00:25:59,591 basehttp 11632 6076 "GET /api/auth/users/ HTTP/1.1" 200 3148
INFO 2026-07-02 00:26:48,701 basehttp 11632 6076 "GET /api/auth/users/ HTTP/1.1" 200 3148
INFO 2026-07-02 00:27:48,698 basehttp 11632 6076 "GET /api/auth/users/ HTTP/1.1" 200 3148
INFO 2026-07-02 00:28:25,614 basehttp 11632 6076 "OPTIONS /api/assets/ HTTP/1.1" 200 0
INFO 2026-07-02 00:28:25,916 basehttp 11632 6076 "GET /api/assets/ HTTP/1.1" 200 7613
INFO 2026-07-02 00:28:49,650 basehttp 11632 6076 "GET /api/auth/users/ HTTP/1.1" 200 3148
INFO 2026-07-02 00:29:49,178 basehttp 11632 6076 "GET /api/auth/users/ HTTP/1.1" 200 3148
INFO 2026-07-02 00:30:49,683 basehttp 11632 6076 "GET /api/auth/users/ HTTP/1.1" 200 3148
INFO 2026-07-02 00:31:48,824 basehttp 11632 6076 "GET /api/auth/users/ HTTP/1.1" 200 3148
INFO 2026-07-02 00:32:49,434 basehttp 11632 23204 "GET /api/auth/users/ HTTP/1.1" 200 3148
INFO 2026-07-02 00:34:25,186 basehttp 11632 23204 "GET /api/auth/users/ HTTP/1.1" 200 3148
INFO 2026-07-02 00:35:22,410 basehttp 11632 23204 "GET /api/auth/users/ HTTP/1.1" 200 3148
INFO 2026-07-02 00:35:48,708 basehttp 11632 23204 "GET /api/auth/users/ HTTP/1.1" 200 3148
INFO 2026-07-02 00:36:48,713 basehttp 11632 23204 "GET /api/auth/users/ HTTP/1.1" 200 3148
INFO 2026-07-02 00:37:49,532 basehttp 11632 23204 "GET /api/auth/users/ HTTP/1.1" 200 3148
INFO 2026-07-02 00:38:49,182 basehttp 11632 23204 "GET /api/auth/users/ HTTP/1.1" 200 3148
INFO 2026-07-02 00:40:20,205 basehttp 11632 23204 "GET /api/auth/users/ HTTP/1.1" 200 3148
INFO 2026-07-02 00:40:37,373 basehttp 11632 23204 "GET /api/auth/users/ HTTP/1.1" 200 3148
INFO 2026-07-02 00:40:48,709 basehttp 11632 23204 "GET /api/auth/users/ HTTP/1.1" 200 3148
ERROR 2026-07-02 00:41:49,239 log 11632 23204 Internal Server Error: /api/auth/login/
ERROR 2026-07-02 00:41:49,246 basehttp 11632 23204 "POST /api/auth/login/ HTTP/1.1" 500 126
WARNING 2026-07-02 00:42:42,480 log 11632 12524 Not Found: /
WARNING 2026-07-02 00:42:42,482 basehttp 11632 12524 "GET / HTTP/1.1" 404 4657
INFO 2026-07-02 00:42:49,375 basehttp 11632 23204 "GET /api/auth/users/ HTTP/1.1" 200 3148
INFO 2026-07-02 00:43:23,529 basehttp 11632 23204 "GET /api/auth/users/ HTTP/1.1" 200 3148
ERROR 2026-07-02 00:43:56,573 log 11632 23204 Internal Server Error: /api/auth/login/
ERROR 2026-07-02 00:43:56,577 basehttp 11632 23204 "POST /api/auth/login/ HTTP/1.1" 500 126
INFO 2026-07-02 00:44:23,194 basehttp 11632 23204 "POST /api/auth/login/ HTTP/1.1" 200 844
INFO 2026-07-02 00:44:23,347 basehttp 11632 23204 "GET /api/auth/users/ HTTP/1.1" 200 3148
INFO 2026-07-02 00:45:23,314 basehttp 11632 23204 "GET /api/auth/users/ HTTP/1.1" 200 3148
INFO 2026-07-02 00:45:46,436 basehttp 11632 23204 "GET /api/auth/users/ HTTP/1.1" 200 3148
INFO 2026-07-02 00:46:23,324 basehttp 11632 23204 "GET /api/auth/users/ HTTP/1.1" 200 3148
INFO 2026-07-02 00:47:24,293 basehttp 11632 23204 "GET /api/auth/users/ HTTP/1.1" 200 3148
INFO 2026-07-02 00:47:56,190 basehttp 11632 23204 "GET /api/auth/users/ HTTP/1.1" 200 3148
INFO 2026-07-02 00:48:23,392 basehttp 11632 23204 "GET /api/auth/users/ HTTP/1.1" 200 3148
INFO 2026-07-02 00:49:24,183 basehttp 11632 23204 "GET /api/auth/users/ HTTP/1.1" 200 3148
INFO 2026-07-02 00:50:24,212 basehttp 11632 23204 "GET /api/auth/users/ HTTP/1.1" 200 3148
INFO 2026-07-02 00:51:25,210 basehttp 11632 23204 "GET /api/auth/users/ HTTP/1.1" 200 3148
INFO 2026-07-02 00:52:26,305 basehttp 11632 23204 "GET /api/auth/users/ HTTP/1.1" 200 3148
INFO 2026-07-02 00:53:25,367 basehttp 11632 23204 "GET /api/auth/users/ HTTP/1.1" 200 3148
INFO 2026-07-02 00:54:30,295 basehttp 11632 23204 "GET /api/auth/users/ HTTP/1.1" 200 3148
INFO 2026-07-02 00:55:23,324 basehttp 11632 23204 "GET /api/auth/users/ HTTP/1.1" 200 3148
INFO 2026-07-02 00:56:24,184 basehttp 11632 23204 "GET /api/auth/users/ HTTP/1.1" 200 3148
INFO 2026-07-02 00:57:23,314 basehttp 11632 23204 "GET /api/auth/users/ HTTP/1.1" 200 3148
INFO 2026-07-02 00:58:27,722 basehttp 11632 23204 "GET /api/auth/users/ HTTP/1.1" 200 3148
INFO 2026-07-02 00:59:24,189 basehttp 11632 23204 "GET /api/auth/users/ HTTP/1.1" 200 3148
INFO 2026-07-02 01:00:24,207 basehttp 11632 23204 "GET /api/auth/users/ HTTP/1.1" 200 3148
INFO 2026-07-02 01:01:19,044 autoreload 14032 20192 F:\SAMS\sams_backend\config\settings\base.py changed, reloading.
INFO 2026-07-02 01:01:19,274 autoreload 11632 19868 F:\SAMS\sams_backend\config\settings\base.py changed, reloading.
INFO 2026-07-02 01:01:24,187 autoreload 23524 22880 Watching for file changes with StatReloader
INFO 2026-07-02 01:01:28,517 autoreload 15172 7528 Watching for file changes with StatReloader
INFO 2026-07-02 01:01:32,785 autoreload 23524 22880 F:\SAMS\sams_backend\config\urls.py changed, reloading.
INFO 2026-07-02 01:01:36,975 autoreload 20960 19028 Watching for file changes with StatReloader
INFO 2026-07-02 01:02:27,138 basehttp 15172 21128 "GET /api/auth/users/ HTTP/1.1" 200 3148
INFO 2026-07-02 01:03:25,367 basehttp 15172 7280 "GET /api/auth/users/ HTTP/1.1" 200 3148
INFO 2026-07-02 01:04:25,209 basehttp 15172 7280 "GET /api/auth/users/ HTTP/1.1" 200 3148
INFO 2026-07-02 01:05:25,184 basehttp 15172 7280 "GET /api/auth/users/ HTTP/1.1" 200 3148
INFO 2026-07-02 01:06:25,360 basehttp 15172 7280 "GET /api/auth/users/ HTTP/1.1" 200 3148
INFO 2026-07-02 01:07:10,081 basehttp 15172 7280 "GET /api/auth/users/ HTTP/1.1" 200 3148
INFO 2026-07-02 01:08:11,093 basehttp 15172 7280 "GET /api/auth/users/ HTTP/1.1" 200 3148
INFO 2026-07-02 01:09:10,187 basehttp 15172 7280 "GET /api/auth/users/ HTTP/1.1" 200 3148
INFO 2026-07-02 01:10:10,191 basehttp 15172 7280 "GET /api/auth/users/ HTTP/1.1" 200 3148
INFO 2026-07-02 01:14:27,690 basehttp 15172 7280 "GET /api/auth/users/ HTTP/1.1" 200 3148
INFO 2026-07-02 01:14:27,922 basehttp 15172 11640 "GET /api/auth/users/ HTTP/1.1" 200 3148
INFO 2026-07-02 01:14:31,668 basehttp 15172 11640 "OPTIONS /api/employees/ HTTP/1.1" 200 0
WARNING 2026-07-02 01:14:31,730 log 15172 11640 Not Found: /api/employees/
WARNING 2026-07-02 01:14:31,735 basehttp 15172 11640 "GET /api/employees/ HTTP/1.1" 404 4717
INFO 2026-07-02 01:15:15,819 basehttp 15172 11640 "GET /api/auth/users/ HTTP/1.1" 200 3148
INFO 2026-07-02 01:16:16,208 basehttp 15172 11640 "GET /api/auth/users/ HTTP/1.1" 200 3148
INFO 2026-07-02 01:16:23,607 autoreload 20960 19028 F:\SAMS\sams_backend\employees\urls.py changed, reloading.
INFO 2026-07-02 01:16:27,497 autoreload 23180 15528 Watching for file changes with StatReloader
WARNING 2026-07-02 01:16:38,742 log 15172 11640 Not Found: /api/employees/
WARNING 2026-07-02 01:16:38,763 basehttp 15172 11640 "GET /api/employees/ HTTP/1.1" 404 4717
WARNING 2026-07-02 01:16:43,592 log 15172 11640 Not Found: /api/employees/
WARNING 2026-07-02 01:16:43,598 basehttp 15172 11640 "GET /api/employees/ HTTP/1.1" 404 4717
INFO 2026-07-02 01:17:15,812 basehttp 15172 11640 "GET /api/auth/users/ HTTP/1.1" 200 3148
INFO 2026-07-02 01:18:15,800 basehttp 15172 11640 "GET /api/auth/users/ HTTP/1.1" 200 3148
INFO 2026-07-02 01:18:45,389 basehttp 15172 11640 "OPTIONS /api/employees/?page_size=500 HTTP/1.1" 200 0
WARNING 2026-07-02 01:18:45,502 log 15172 11640 Not Found: /api/employees/
WARNING 2026-07-02 01:18:45,506 basehttp 15172 11640 "GET /api/employees/?page_size=500 HTTP/1.1" 404 4731
INFO 2026-07-02 01:19:15,812 basehttp 15172 11640 "GET /api/auth/users/ HTTP/1.1" 200 3148
INFO 2026-07-02 01:20:16,211 basehttp 15172 11640 "GET /api/auth/users/ HTTP/1.1" 200 3148
INFO 2026-07-02 01:20:28,033 autoreload 16548 23004 Watching for file changes with StatReloader
WARNING 2026-07-02 01:20:53,772 log 15172 1380 Not Found: /api/employees/
WARNING 2026-07-02 01:20:53,779 basehttp 15172 1380 "GET /api/employees/ HTTP/1.1" 404 4717
INFO 2026-07-02 01:21:16,353 basehttp 15172 11640 "GET /api/auth/users/ HTTP/1.1" 200 3148
INFO 2026-07-02 01:21:29,108 basehttp 15172 8672 "POST /api/auth/login/ HTTP/1.1" 200 842
WARNING 2026-07-02 01:21:29,146 log 15172 20188 Not Found: /api/employees/
WARNING 2026-07-02 01:21:29,147 basehttp 15172 20188 "GET /api/employees/ HTTP/1.1" 404 4717
INFO 2026-07-02 01:21:44,379 basehttp 15172 11640 "GET /api/auth/users/ HTTP/1.1" 200 3148
WARNING 2026-07-02 01:21:44,862 log 15172 11640 Not Found: /api/employees/
WARNING 2026-07-02 01:21:44,864 basehttp 15172 11640 "GET /api/employees/?page_size=500 HTTP/1.1" 404 4731
INFO 2026-07-02 01:22:24,074 autoreload 14588 8420 Watching for file changes with StatReloader
INFO 2026-07-02 01:22:45,713 basehttp 14588 6584 "POST /api/auth/login/ HTTP/1.1" 200 842
INFO 2026-07-02 01:22:45,864 basehttp 14588 18208 "GET /api/employees/ HTTP/1.1" 200 181
INFO 2026-07-02 01:25:04,276 autoreload 10348 14520 Watching for file changes with StatReloader
INFO 2026-07-02 01:26:06,942 basehttp 10348 13012 "GET /api/auth/users/ HTTP/1.1" 200 3148
INFO 2026-07-02 01:26:06,983 basehttp 10348 16224 "GET /api/employees/?page_size=500 HTTP/1.1" 200 181
INFO 2026-07-02 01:26:44,212 basehttp 10348 16224 "GET /api/employees/?page_size=500 HTTP/1.1" 200 181
INFO 2026-07-02 01:27:06,453 basehttp 10348 16224 "GET /api/auth/users/ HTTP/1.1" 200 3148
INFO 2026-07-02 01:28:06,430 basehttp 10348 16224 "GET /api/auth/users/ HTTP/1.1" 200 3148
INFO 2026-07-02 01:28:23,466 basehttp 10348 16224 "GET /api/auth/users/ HTTP/1.1" 200 3148
INFO 2026-07-02 01:28:26,273 basehttp 10348 16224 "GET /api/auth/users/ HTTP/1.1" 200 3148
INFO 2026-07-02 01:29:11,199 basehttp 10348 16224 "GET /api/auth/users/ HTTP/1.1" 200 3148
INFO 2026-07-02 01:29:38,439 basehttp 10348 16224 "GET /api/employees/?page_size=500 HTTP/1.1" 200 181
INFO 2026-07-02 01:30:12,174 basehttp 10348 16224 "GET /api/auth/users/ HTTP/1.1" 200 3148
INFO 2026-07-02 01:30:41,550 basehttp 10348 16224 "GET /api/employees/?page_size=500 HTTP/1.1" 200 181
INFO 2026-07-02 01:31:11,213 basehttp 10348 16224 "GET /api/auth/users/ HTTP/1.1" 200 3148
INFO 2026-07-02 01:32:12,181 basehttp 10348 16224 "GET /api/auth/users/ HTTP/1.1" 200 3148
INFO 2026-07-02 01:32:22,623 basehttp 10348 16224 "GET /api/employees/?page_size=500 HTTP/1.1" 200 181
INFO 2026-07-02 01:33:12,267 basehttp 10348 15176 "GET /api/auth/users/ HTTP/1.1" 200 3148
INFO 2026-07-02 01:33:59,926 autoreload 10348 14520 F:\SAMS\sams_backend\authentication\views.py changed, reloading.
INFO 2026-07-02 01:34:02,731 autoreload 12736 8228 Watching for file changes with StatReloader
INFO 2026-07-02 01:34:17,450 autoreload 12736 8228 F:\SAMS\sams_backend\authentication\urls.py changed, reloading.
INFO 2026-07-02 01:34:19,313 autoreload 7820 21760 Watching for file changes with StatReloader
INFO 2026-07-02 01:36:11,039 autoreload 7820 21760 F:\SAMS\sams_backend\employees\models.py changed, reloading.
INFO 2026-07-02 01:36:13,442 autoreload 21688 22804 Watching for file changes with StatReloader
INFO 2026-07-02 01:37:27,700 autoreload 21688 22804 F:\SAMS\sams_backend\employees\models.py changed, reloading.
INFO 2026-07-02 01:37:29,747 autoreload 812 8288 Watching for file changes with StatReloader
INFO 2026-07-02 01:38:02,854 autoreload 5500 7952 Watching for file changes with StatReloader
INFO 2026-07-02 01:39:35,367 autoreload 5500 7952 F:\SAMS\sams_backend\authentication\views.py changed, reloading.
INFO 2026-07-02 01:39:36,370 autoreload 812 8288 F:\SAMS\sams_backend\authentication\views.py changed, reloading.
INFO 2026-07-02 01:39:40,394 autoreload 20944 3596 Watching for file changes with StatReloader
INFO 2026-07-02 01:39:43,431 autoreload 15068 21580 Watching for file changes with StatReloader
INFO 2026-07-02 01:40:15,021 basehttp 15068 17204 "GET /api/auth/users/ HTTP/1.1" 200 3447
INFO 2026-07-02 01:40:20,020 autoreload 13040 2180 Watching for file changes with StatReloader
INFO 2026-07-02 01:41:12,186 basehttp 15068 17204 "GET /api/auth/users/ HTTP/1.1" 200 3447
INFO 2026-07-02 01:41:25,524 basehttp 15068 17204 "GET /api/employees/?page_size=500 HTTP/1.1" 200 657
INFO 2026-07-02 01:42:12,642 basehttp 15068 17204 "GET /api/auth/users/ HTTP/1.1" 200 3447
INFO 2026-07-02 01:43:06,522 basehttp 15068 17204 "OPTIONS /api/auth/verify-password/ HTTP/1.1" 200 0
WARNING 2026-07-02 01:43:08,024 log 15068 17204 Unauthorized: /api/auth/verify-password/
WARNING 2026-07-02 01:43:08,025 basehttp 15068 17204 "POST /api/auth/verify-password/ HTTP/1.1" 401 72
INFO 2026-07-02 01:43:11,197 basehttp 15068 17204 "GET /api/auth/users/ HTTP/1.1" 200 3447
INFO 2026-07-02 01:43:16,409 basehttp 15068 17204 "POST /api/auth/verify-password/ HTTP/1.1" 200 82
WARNING 2026-07-02 01:43:16,440 log 15068 17204 Unprocessable Entity: /api/employees/
WARNING 2026-07-02 01:43:16,441 basehttp 15068 17204 "POST /api/employees/ HTTP/1.1" 422 164
WARNING 2026-07-02 01:43:26,453 log 15068 17204 Unauthorized: /api/auth/verify-password/
WARNING 2026-07-02 01:43:26,454 basehttp 15068 17204 "POST /api/auth/verify-password/ HTTP/1.1" 401 72
WARNING 2026-07-02 01:43:31,577 log 15068 17204 Unauthorized: /api/auth/verify-password/
WARNING 2026-07-02 01:43:31,578 basehttp 15068 17204 "POST /api/auth/verify-password/ HTTP/1.1" 401 72
INFO 2026-07-02 01:43:37,428 basehttp 15068 17204 "POST /api/auth/verify-password/ HTTP/1.1" 200 82
WARNING 2026-07-02 01:43:37,449 log 15068 17204 Unprocessable Entity: /api/employees/
WARNING 2026-07-02 01:43:37,450 basehttp 15068 17204 "POST /api/employees/ HTTP/1.1" 422 164
WARNING 2026-07-02 01:43:50,367 log 15068 17204 Unauthorized: /api/auth/verify-password/
WARNING 2026-07-02 01:43:50,368 basehttp 15068 17204 "POST /api/auth/verify-password/ HTTP/1.1" 401 72
INFO 2026-07-02 01:44:12,177 basehttp 15068 17204 "GET /api/auth/users/ HTTP/1.1" 200 3447
WARNING 2026-07-02 01:45:25,232 log 15068 17204 Unauthorized: /api/auth/users/
WARNING 2026-07-02 01:45:25,234 basehttp 15068 17204 "GET /api/auth/users/ HTTP/1.1" 401 648
WARNING 2026-07-02 01:46:25,184 log 15068 17204 Unauthorized: /api/auth/users/
WARNING 2026-07-02 01:46:25,186 basehttp 15068 17204 "GET /api/auth/users/ HTTP/1.1" 401 648
WARNING 2026-07-02 01:47:25,184 log 15068 17204 Unauthorized: /api/auth/users/
WARNING 2026-07-02 01:47:25,186 basehttp 15068 17204 "GET /api/auth/users/ HTTP/1.1" 401 648
WARNING 2026-07-02 01:48:25,178 log 15068 17204 Unauthorized: /api/auth/users/
WARNING 2026-07-02 01:48:25,181 basehttp 15068 17204 "GET /api/auth/users/ HTTP/1.1" 401 648
WARNING 2026-07-02 01:49:25,172 log 15068 17204 Unauthorized: /api/auth/users/
WARNING 2026-07-02 01:49:25,174 basehttp 15068 17204 "GET /api/auth/users/ HTTP/1.1" 401 648
WARNING 2026-07-02 01:50:25,176 log 15068 17204 Unauthorized: /api/auth/users/
WARNING 2026-07-02 01:50:25,178 basehttp 15068 17204 "GET /api/auth/users/ HTTP/1.1" 401 648
WARNING 2026-07-02 01:51:25,174 log 15068 17204 Unauthorized: /api/auth/users/
WARNING 2026-07-02 01:51:25,176 basehttp 15068 17204 "GET /api/auth/users/ HTTP/1.1" 401 648
WARNING 2026-07-02 01:52:12,171 log 15068 17204 Unauthorized: /api/auth/users/
WARNING 2026-07-02 01:52:12,173 basehttp 15068 17204 "GET /api/auth/users/ HTTP/1.1" 401 648
WARNING 2026-07-02 01:53:12,174 log 15068 17204 Unauthorized: /api/auth/users/
WARNING 2026-07-02 01:53:12,176 basehttp 15068 17204 "GET /api/auth/users/ HTTP/1.1" 401 648
WARNING 2026-07-02 01:54:25,197 log 15068 17204 Unauthorized: /api/auth/users/
WARNING 2026-07-02 01:54:25,198 basehttp 15068 17204 "GET /api/auth/users/ HTTP/1.1" 401 648
WARNING 2026-07-02 01:55:25,190 log 15068 17204 Unauthorized: /api/auth/users/
WARNING 2026-07-02 01:55:25,193 basehttp 15068 17204 "GET /api/auth/users/ HTTP/1.1" 401 648
WARNING 2026-07-02 01:56:25,179 log 15068 17204 Unauthorized: /api/auth/users/
WARNING 2026-07-02 01:56:25,181 basehttp 15068 17204 "GET /api/auth/users/ HTTP/1.1" 401 648
WARNING 2026-07-02 01:57:25,177 log 15068 17204 Unauthorized: /api/auth/users/
WARNING 2026-07-02 01:57:25,178 basehttp 15068 17204 "GET /api/auth/users/ HTTP/1.1" 401 648
WARNING 2026-07-02 01:58:25,174 log 15068 17204 Unauthorized: /api/auth/users/
WARNING 2026-07-02 01:58:25,175 basehttp 15068 17204 "GET /api/auth/users/ HTTP/1.1" 401 648
WARNING 2026-07-02 01:59:12,424 log 15068 17204 Unauthorized: /api/auth/users/
WARNING 2026-07-02 01:59:12,433 basehttp 15068 17204 "GET /api/auth/users/ HTTP/1.1" 401 648
WARNING 2026-07-02 01:59:25,182 log 15068 17204 Unauthorized: /api/auth/users/
WARNING 2026-07-02 01:59:25,184 basehttp 15068 17204 "GET /api/auth/users/ HTTP/1.1" 401 648
WARNING 2026-07-02 01:59:44,191 log 15068 17204 Unauthorized: /api/auth/users/
WARNING 2026-07-02 01:59:44,193 basehttp 15068 17204 "GET /api/auth/users/ HTTP/1.1" 401 648
WARNING 2026-07-02 02:00:45,180 log 15068 17204 Unauthorized: /api/auth/users/
WARNING 2026-07-02 02:00:45,188 basehttp 15068 17204 "GET /api/auth/users/ HTTP/1.1" 401 648
INFO 2026-07-02 02:01:17,694 basehttp 15068 17204 "OPTIONS /api/employees/?page_size=500&limit=500 HTTP/1.1" 200 0
WARNING 2026-07-02 02:01:17,756 log 15068 17204 Unauthorized: /api/employees/
WARNING 2026-07-02 02:01:17,759 basehttp 15068 17204 "GET /api/employees/?page_size=500&limit=500 HTTP/1.1" 401 648
WARNING 2026-07-02 02:01:25,307 log 15068 17204 Unauthorized: /api/employees/
WARNING 2026-07-02 02:01:25,312 basehttp 15068 17204 "GET /api/employees/?page_size=500 HTTP/1.1" 401 648
WARNING 2026-07-02 02:01:45,173 log 15068 17204 Unauthorized: /api/auth/users/
WARNING 2026-07-02 02:01:45,174 basehttp 15068 17204 "GET /api/auth/users/ HTTP/1.1" 401 648
WARNING 2026-07-02 02:02:02,359 log 15068 17204 Unauthorized: /api/auth/users/
WARNING 2026-07-02 02:02:02,361 basehttp 15068 17204 "GET /api/auth/users/ HTTP/1.1" 401 648
WARNING 2026-07-02 02:02:03,413 log 15068 17204 Unauthorized: /api/employees/
WARNING 2026-07-02 02:02:03,415 basehttp 15068 17204 "GET /api/employees/?page_size=500 HTTP/1.1" 401 648
WARNING 2026-07-02 02:02:59,475 log 15068 14688 Unauthorized: /api/auth/verify-password/
WARNING 2026-07-02 02:02:59,479 basehttp 15068 14688 "POST /api/auth/verify-password/ HTTP/1.1" 401 648
WARNING 2026-07-02 02:03:02,373 log 15068 14688 Unauthorized: /api/auth/users/
WARNING 2026-07-02 02:03:02,375 basehttp 15068 14688 "GET /api/auth/users/ HTTP/1.1" 401 648
WARNING 2026-07-02 02:03:10,663 log 15068 14688 Unauthorized: /api/auth/verify-password/
WARNING 2026-07-02 02:03:10,667 basehttp 15068 14688 "POST /api/auth/verify-password/ HTTP/1.1" 401 648
WARNING 2026-07-02 02:03:47,213 log 15068 14688 Unauthorized: /api/auth/users/
WARNING 2026-07-02 02:03:47,214 basehttp 15068 14688 "GET /api/auth/users/ HTTP/1.1" 401 648
WARNING 2026-07-02 02:03:47,228 log 15068 14688 Unauthorized: /api/employees/
WARNING 2026-07-02 02:03:47,229 basehttp 15068 14688 "GET /api/employees/?page_size=500 HTTP/1.1" 401 648
WARNING 2026-07-02 02:04:21,234 log 15068 14688 Unauthorized: /api/employees/
WARNING 2026-07-02 02:04:21,235 basehttp 15068 14688 "GET /api/employees/?page_size=500 HTTP/1.1" 401 155
WARNING 2026-07-02 02:04:48,179 log 15068 14688 Not Found: /
WARNING 2026-07-02 02:04:48,180 basehttp 15068 14688 "HEAD / HTTP/1.1" 404 0
WARNING 2026-07-02 02:05:47,238 log 15068 14688 Not Found: /
WARNING 2026-07-02 02:05:47,239 basehttp 15068 14688 "HEAD / HTTP/1.1" 404 0
WARNING 2026-07-02 02:06:51,989 log 15068 14688 Not Found: /
WARNING 2026-07-02 02:06:51,991 basehttp 15068 14688 "HEAD / HTTP/1.1" 404 0
WARNING 2026-07-02 02:06:54,020 log 15068 14688 Not Found: /
WARNING 2026-07-02 02:06:54,022 basehttp 15068 14688 "HEAD / HTTP/1.1" 404 0
WARNING 2026-07-02 02:07:54,172 log 15068 14688 Not Found: /
WARNING 2026-07-02 02:07:54,173 basehttp 15068 14688 "HEAD / HTTP/1.1" 404 0
WARNING 2026-07-02 02:08:54,170 log 15068 14688 Not Found: /
WARNING 2026-07-02 02:08:54,171 basehttp 15068 14688 "HEAD / HTTP/1.1" 404 0
WARNING 2026-07-02 02:09:54,372 log 15068 14688 Not Found: /
WARNING 2026-07-02 02:09:54,381 basehttp 15068 14688 "HEAD / HTTP/1.1" 404 0
WARNING 2026-07-02 02:10:54,179 log 15068 14688 Not Found: /
WARNING 2026-07-02 02:10:54,180 basehttp 15068 14688 "HEAD / HTTP/1.1" 404 0
WARNING 2026-07-02 02:11:54,169 log 15068 14688 Not Found: /
WARNING 2026-07-02 02:11:54,170 basehttp 15068 14688 "HEAD / HTTP/1.1" 404 0
WARNING 2026-07-02 02:13:25,180 log 15068 14688 Not Found: /
WARNING 2026-07-02 02:13:25,181 basehttp 15068 14688 "HEAD / HTTP/1.1" 404 0
WARNING 2026-07-02 02:14:25,177 log 15068 14688 Not Found: /
WARNING 2026-07-02 02:14:25,178 basehttp 15068 14688 "HEAD / HTTP/1.1" 404 0
WARNING 2026-07-02 02:15:25,185 log 15068 14688 Not Found: /
WARNING 2026-07-02 02:15:25,186 basehttp 15068 14688 "HEAD / HTTP/1.1" 404 0
WARNING 2026-07-02 02:16:25,187 log 15068 14688 Not Found: /
WARNING 2026-07-02 02:16:25,188 basehttp 15068 14688 "HEAD / HTTP/1.1" 404 0
WARNING 2026-07-02 02:17:25,182 log 15068 14688 Not Found: /
WARNING 2026-07-02 02:17:25,183 basehttp 15068 14688 "HEAD / HTTP/1.1" 404 0
WARNING 2026-07-02 02:18:25,187 log 15068 14688 Not Found: /
WARNING 2026-07-02 02:18:25,188 basehttp 15068 14688 "HEAD / HTTP/1.1" 404 0
WARNING 2026-07-02 02:19:25,177 log 15068 14688 Not Found: /
WARNING 2026-07-02 02:19:25,178 basehttp 15068 14688 "HEAD / HTTP/1.1" 404 0
WARNING 2026-07-02 02:20:25,184 log 15068 14688 Not Found: /
WARNING 2026-07-02 02:20:25,185 basehttp 15068 14688 "HEAD / HTTP/1.1" 404 0
WARNING 2026-07-02 02:21:25,181 log 15068 14688 Not Found: /
WARNING 2026-07-02 02:21:25,182 basehttp 15068 14688 "HEAD / HTTP/1.1" 404 0
WARNING 2026-07-02 02:22:25,178 log 15068 14688 Not Found: /
WARNING 2026-07-02 02:22:25,179 basehttp 15068 14688 "HEAD / HTTP/1.1" 404 0
WARNING 2026-07-02 02:23:25,192 log 15068 14688 Not Found: /
WARNING 2026-07-02 02:23:25,196 basehttp 15068 14688 "HEAD / HTTP/1.1" 404 0
WARNING 2026-07-02 02:24:25,485 log 15068 14688 Not Found: /
WARNING 2026-07-02 02:24:25,491 basehttp 15068 14688 "HEAD / HTTP/1.1" 404 0
WARNING 2026-07-02 02:25:25,203 log 15068 14688 Not Found: /
WARNING 2026-07-02 02:25:25,205 basehttp 15068 14688 "HEAD / HTTP/1.1" 404 0
WARNING 2026-07-02 02:26:25,184 log 15068 14688 Not Found: /
WARNING 2026-07-02 02:26:25,185 basehttp 15068 14688 "HEAD / HTTP/1.1" 404 0
WARNING 2026-07-02 02:27:25,176 log 15068 14688 Not Found: /
WARNING 2026-07-02 02:27:25,177 basehttp 15068 14688 "HEAD / HTTP/1.1" 404 0
WARNING 2026-07-02 02:28:25,184 log 15068 14688 Not Found: /
WARNING 2026-07-02 02:28:25,185 basehttp 15068 14688 "HEAD / HTTP/1.1" 404 0
WARNING 2026-07-02 02:29:25,185 log 15068 14688 Not Found: /
WARNING 2026-07-02 02:29:25,187 basehttp 15068 14688 "HEAD / HTTP/1.1" 404 0
WARNING 2026-07-02 02:30:25,189 log 15068 14688 Not Found: /
WARNING 2026-07-02 02:30:25,190 basehttp 15068 14688 "HEAD / HTTP/1.1" 404 0
WARNING 2026-07-02 02:31:25,184 log 15068 14688 Not Found: /
WARNING 2026-07-02 02:31:25,185 basehttp 15068 14688 "HEAD / HTTP/1.1" 404 0
WARNING 2026-07-02 02:32:25,193 log 15068 14688 Not Found: /
WARNING 2026-07-02 02:32:25,194 basehttp 15068 14688 "HEAD / HTTP/1.1" 404 0
WARNING 2026-07-02 02:33:25,181 log 15068 9248 Not Found: /
WARNING 2026-07-02 02:33:25,182 basehttp 15068 9248 "HEAD / HTTP/1.1" 404 0
WARNING 2026-07-02 02:34:25,184 log 15068 9248 Not Found: /
WARNING 2026-07-02 02:34:25,186 basehttp 15068 9248 "HEAD / HTTP/1.1" 404 0
WARNING 2026-07-02 02:35:25,174 log 15068 9248 Not Found: /
WARNING 2026-07-02 02:35:25,175 basehttp 15068 9248 "HEAD / HTTP/1.1" 404 0
WARNING 2026-07-02 02:36:25,178 log 15068 9248 Not Found: /
WARNING 2026-07-02 02:36:25,179 basehttp 15068 9248 "HEAD / HTTP/1.1" 404 0
WARNING 2026-07-02 02:37:25,175 log 15068 9248 Not Found: /
WARNING 2026-07-02 02:37:25,176 basehttp 15068 9248 "HEAD / HTTP/1.1" 404 0
WARNING 2026-07-02 02:38:25,190 log 15068 9248 Not Found: /
WARNING 2026-07-02 02:38:25,191 basehttp 15068 9248 "HEAD / HTTP/1.1" 404 0
WARNING 2026-07-02 02:39:25,197 log 15068 9248 Not Found: /
WARNING 2026-07-02 02:39:25,199 basehttp 15068 9248 "HEAD / HTTP/1.1" 404 0
WARNING 2026-07-02 02:40:25,470 log 15068 9248 Not Found: /
WARNING 2026-07-02 02:40:25,472 basehttp 15068 9248 "HEAD / HTTP/1.1" 404 0
WARNING 2026-07-02 02:41:25,184 log 15068 9248 Not Found: /
WARNING 2026-07-02 02:41:25,185 basehttp 15068 9248 "HEAD / HTTP/1.1" 404 0
WARNING 2026-07-02 02:42:25,193 log 15068 9248 Not Found: /
WARNING 2026-07-02 02:42:25,194 basehttp 15068 9248 "HEAD / HTTP/1.1" 404 0
WARNING 2026-07-02 02:43:25,190 log 15068 9248 Not Found: /
WARNING 2026-07-02 02:43:25,191 basehttp 15068 9248 "HEAD / HTTP/1.1" 404 0
WARNING 2026-07-02 02:44:25,178 log 15068 9248 Not Found: /
WARNING 2026-07-02 02:44:25,179 basehttp 15068 9248 "HEAD / HTTP/1.1" 404 0
WARNING 2026-07-02 02:45:25,181 log 15068 9248 Not Found: /
WARNING 2026-07-02 02:45:25,184 basehttp 15068 9248 "HEAD / HTTP/1.1" 404 0
WARNING 2026-07-02 02:46:25,179 log 15068 9248 Not Found: /
WARNING 2026-07-02 02:46:25,180 basehttp 15068 9248 "HEAD / HTTP/1.1" 404 0
WARNING 2026-07-02 02:47:25,183 log 15068 9248 Not Found: /
WARNING 2026-07-02 02:47:25,184 basehttp 15068 9248 "HEAD / HTTP/1.1" 404 0
WARNING 2026-07-02 02:48:25,177 log 15068 9248 Not Found: /
WARNING 2026-07-02 02:48:25,182 basehttp 15068 9248 "HEAD / HTTP/1.1" 404 0
WARNING 2026-07-02 02:49:25,192 log 15068 9248 Not Found: /
WARNING 2026-07-02 02:49:25,193 basehttp 15068 9248 "HEAD / HTTP/1.1" 404 0
WARNING 2026-07-02 02:50:25,203 log 15068 9248 Not Found: /
WARNING 2026-07-02 02:50:25,205 basehttp 15068 9248 "HEAD / HTTP/1.1" 404 0
WARNING 2026-07-02 02:51:25,185 log 15068 9248 Not Found: /
WARNING 2026-07-02 02:51:25,186 basehttp 15068 9248 "HEAD / HTTP/1.1" 404 0
WARNING 2026-07-02 02:52:25,182 log 15068 9248 Not Found: /
WARNING 2026-07-02 02:52:25,184 basehttp 15068 9248 "HEAD / HTTP/1.1" 404 0
WARNING 2026-07-02 02:53:25,189 log 15068 9248 Not Found: /
WARNING 2026-07-02 02:53:25,190 basehttp 15068 9248 "HEAD / HTTP/1.1" 404 0
WARNING 2026-07-02 02:54:25,202 log 15068 9248 Not Found: /
WARNING 2026-07-02 02:54:25,204 basehttp 15068 9248 "HEAD / HTTP/1.1" 404 0
WARNING 2026-07-02 02:55:25,230 log 15068 9248 Not Found: /
WARNING 2026-07-02 02:55:25,236 basehttp 15068 9248 "HEAD / HTTP/1.1" 404 0
WARNING 2026-07-02 02:56:25,185 log 15068 9248 Not Found: /
WARNING 2026-07-02 02:56:25,187 basehttp 15068 9248 "HEAD / HTTP/1.1" 404 0
WARNING 2026-07-02 02:57:25,178 log 15068 9248 Not Found: /
WARNING 2026-07-02 02:57:25,179 basehttp 15068 9248 "HEAD / HTTP/1.1" 404 0
WARNING 2026-07-02 02:58:25,177 log 15068 9248 Not Found: /
WARNING 2026-07-02 02:58:25,179 basehttp 15068 9248 "HEAD / HTTP/1.1" 404 0
WARNING 2026-07-02 02:59:25,184 log 15068 9248 Not Found: /
WARNING 2026-07-02 02:59:25,185 basehttp 15068 9248 "HEAD / HTTP/1.1" 404 0
WARNING 2026-07-02 03:00:25,182 log 15068 9248 Not Found: /
WARNING 2026-07-02 03:00:25,186 basehttp 15068 9248 "HEAD / HTTP/1.1" 404 0
WARNING 2026-07-02 03:01:25,185 log 15068 9248 Not Found: /
WARNING 2026-07-02 03:01:25,186 basehttp 15068 9248 "HEAD / HTTP/1.1" 404 0
WARNING 2026-07-02 03:02:25,190 log 15068 9248 Not Found: /
WARNING 2026-07-02 03:02:25,191 basehttp 15068 9248 "HEAD / HTTP/1.1" 404 0
WARNING 2026-07-02 03:03:25,177 log 15068 6412 Not Found: /
WARNING 2026-07-02 03:03:25,178 basehttp 15068 6412 "HEAD / HTTP/1.1" 404 0
WARNING 2026-07-02 03:04:25,185 log 15068 6412 Not Found: /
WARNING 2026-07-02 03:04:25,187 basehttp 15068 6412 "HEAD / HTTP/1.1" 404 0
WARNING 2026-07-02 03:05:25,177 log 15068 6412 Not Found: /
WARNING 2026-07-02 03:05:25,178 basehttp 15068 6412 "HEAD / HTTP/1.1" 404 0
WARNING 2026-07-02 03:06:25,191 log 15068 6412 Not Found: /
WARNING 2026-07-02 03:06:25,192 basehttp 15068 6412 "HEAD / HTTP/1.1" 404 0
WARNING 2026-07-02 03:07:25,178 log 15068 6412 Not Found: /
WARNING 2026-07-02 03:07:25,179 basehttp 15068 6412 "HEAD / HTTP/1.1" 404 0
WARNING 2026-07-02 03:08:25,188 log 15068 6412 Not Found: /
WARNING 2026-07-02 03:08:25,189 basehttp 15068 6412 "HEAD / HTTP/1.1" 404 0
WARNING 2026-07-02 03:09:25,389 log 15068 6412 Not Found: /
WARNING 2026-07-02 03:09:25,394 basehttp 15068 6412 "HEAD / HTTP/1.1" 404 0
WARNING 2026-07-02 03:10:25,325 log 15068 6412 Not Found: /
WARNING 2026-07-02 03:10:25,330 basehttp 15068 6412 "HEAD / HTTP/1.1" 404 0
WARNING 2026-07-02 03:11:25,179 log 15068 6412 Not Found: /
WARNING 2026-07-02 03:11:25,183 basehttp 15068 6412 "HEAD / HTTP/1.1" 404 0
WARNING 2026-07-02 03:12:25,185 log 15068 6412 Not Found: /
WARNING 2026-07-02 03:12:25,186 basehttp 15068 6412 "HEAD / HTTP/1.1" 404 0
WARNING 2026-07-02 03:13:25,179 log 15068 6412 Not Found: /
WARNING 2026-07-02 03:13:25,180 basehttp 15068 6412 "HEAD / HTTP/1.1" 404 0
WARNING 2026-07-02 03:14:25,187 log 15068 6412 Not Found: /
WARNING 2026-07-02 03:14:25,189 basehttp 15068 6412 "HEAD / HTTP/1.1" 404 0
WARNING 2026-07-02 03:15:25,184 log 15068 6412 Not Found: /
WARNING 2026-07-02 03:15:25,185 basehttp 15068 6412 "HEAD / HTTP/1.1" 404 0
WARNING 2026-07-02 03:16:25,199 log 15068 6412 Not Found: /
WARNING 2026-07-02 03:16:25,201 basehttp 15068 6412 "HEAD / HTTP/1.1" 404 0
WARNING 2026-07-02 03:17:25,184 log 15068 6412 Not Found: /
WARNING 2026-07-02 03:17:25,185 basehttp 15068 6412 "HEAD / HTTP/1.1" 404 0
WARNING 2026-07-02 03:18:25,192 log 15068 6412 Not Found: /
WARNING 2026-07-02 03:18:25,194 basehttp 15068 6412 "HEAD / HTTP/1.1" 404 0
WARNING 2026-07-02 03:19:25,187 log 15068 6412 Not Found: /
WARNING 2026-07-02 03:19:25,188 basehttp 15068 6412 "HEAD / HTTP/1.1" 404 0
WARNING 2026-07-02 03:20:25,195 log 15068 6412 Not Found: /
WARNING 2026-07-02 03:20:25,197 basehttp 15068 6412 "HEAD / HTTP/1.1" 404 0
WARNING 2026-07-02 03:21:25,182 log 15068 6412 Not Found: /
WARNING 2026-07-02 03:21:25,183 basehttp 15068 6412 "HEAD / HTTP/1.1" 404 0
WARNING 2026-07-02 03:22:25,185 log 15068 6412 Not Found: /
WARNING 2026-07-02 03:22:25,186 basehttp 15068 6412 "HEAD / HTTP/1.1" 404 0
WARNING 2026-07-02 03:23:25,191 log 15068 6412 Not Found: /
WARNING 2026-07-02 03:23:25,192 basehttp 15068 6412 "HEAD / HTTP/1.1" 404 0
WARNING 2026-07-02 03:24:25,247 log 15068 6412 Not Found: /
WARNING 2026-07-02 03:24:25,249 basehttp 15068 6412 "HEAD / HTTP/1.1" 404 0
WARNING 2026-07-02 03:25:25,190 log 15068 6412 Not Found: /
WARNING 2026-07-02 03:25:25,192 basehttp 15068 6412 "HEAD / HTTP/1.1" 404 0
WARNING 2026-07-02 03:26:25,192 log 15068 6412 Not Found: /
WARNING 2026-07-02 03:26:25,193 basehttp 15068 6412 "HEAD / HTTP/1.1" 404 0
WARNING 2026-07-02 03:27:25,183 log 15068 6412 Not Found: /
WARNING 2026-07-02 03:27:25,184 basehttp 15068 6412 "HEAD / HTTP/1.1" 404 0
WARNING 2026-07-02 03:28:25,183 log 15068 6412 Not Found: /
WARNING 2026-07-02 03:28:25,186 basehttp 15068 6412 "HEAD / HTTP/1.1" 404 0
WARNING 2026-07-02 03:29:25,182 log 15068 6412 Not Found: /
WARNING 2026-07-02 03:29:25,183 basehttp 15068 6412 "HEAD / HTTP/1.1" 404 0
WARNING 2026-07-02 03:30:25,192 log 15068 6412 Not Found: /
WARNING 2026-07-02 03:30:25,193 basehttp 15068 6412 "HEAD / HTTP/1.1" 404 0
WARNING 2026-07-02 03:31:25,182 log 15068 6412 Not Found: /
WARNING 2026-07-02 03:31:25,184 basehttp 15068 6412 "HEAD / HTTP/1.1" 404 0
WARNING 2026-07-02 03:32:25,188 log 15068 6412 Not Found: /
WARNING 2026-07-02 03:32:25,189 basehttp 15068 6412 "HEAD / HTTP/1.1" 404 0
WARNING 2026-07-02 03:33:25,190 log 15068 9112 Not Found: /
WARNING 2026-07-02 03:33:25,191 basehttp 15068 9112 "HEAD / HTTP/1.1" 404 0
WARNING 2026-07-02 03:34:25,185 log 15068 9112 Not Found: /
WARNING 2026-07-02 03:34:25,186 basehttp 15068 9112 "HEAD / HTTP/1.1" 404 0
WARNING 2026-07-02 03:35:25,193 log 15068 9112 Not Found: /
WARNING 2026-07-02 03:35:25,194 basehttp 15068 9112 "HEAD / HTTP/1.1" 404 0
WARNING 2026-07-02 03:36:25,189 log 15068 9112 Not Found: /
WARNING 2026-07-02 03:36:25,190 basehttp 15068 9112 "HEAD / HTTP/1.1" 404 0
WARNING 2026-07-02 03:37:25,180 log 15068 9112 Not Found: /
WARNING 2026-07-02 03:37:25,182 basehttp 15068 9112 "HEAD / HTTP/1.1" 404 0
WARNING 2026-07-02 03:38:25,176 log 15068 9112 Not Found: /
WARNING 2026-07-02 03:38:25,177 basehttp 15068 9112 "HEAD / HTTP/1.1" 404 0
WARNING 2026-07-02 03:39:25,639 log 15068 9112 Not Found: /
WARNING 2026-07-02 03:39:25,641 basehttp 15068 9112 "HEAD / HTTP/1.1" 404 0
WARNING 2026-07-02 03:40:25,234 log 15068 9112 Not Found: /
WARNING 2026-07-02 03:40:25,235 basehttp 15068 9112 "HEAD / HTTP/1.1" 404 0
WARNING 2026-07-02 03:41:25,188 log 15068 9112 Not Found: /
WARNING 2026-07-02 03:41:25,189 basehttp 15068 9112 "HEAD / HTTP/1.1" 404 0
WARNING 2026-07-02 03:42:25,182 log 15068 9112 Not Found: /
WARNING 2026-07-02 03:42:25,183 basehttp 15068 9112 "HEAD / HTTP/1.1" 404 0
WARNING 2026-07-02 03:43:25,194 log 15068 9112 Not Found: /
WARNING 2026-07-02 03:43:25,195 basehttp 15068 9112 "HEAD / HTTP/1.1" 404 0
WARNING 2026-07-02 03:44:25,188 log 15068 9112 Not Found: /
WARNING 2026-07-02 03:44:25,189 basehttp 15068 9112 "HEAD / HTTP/1.1" 404 0
WARNING 2026-07-02 03:45:25,196 log 15068 9112 Not Found: /
WARNING 2026-07-02 03:45:25,198 basehttp 15068 9112 "HEAD / HTTP/1.1" 404 0
WARNING 2026-07-02 03:46:25,176 log 15068 9112 Not Found: /
WARNING 2026-07-02 03:46:25,178 basehttp 15068 9112 "HEAD / HTTP/1.1" 404 0
WARNING 2026-07-02 03:47:25,190 log 15068 9112 Not Found: /
WARNING 2026-07-02 03:47:25,192 basehttp 15068 9112 "HEAD / HTTP/1.1" 404 0
WARNING 2026-07-02 03:48:25,186 log 15068 9112 Not Found: /
WARNING 2026-07-02 03:48:25,187 basehttp 15068 9112 "HEAD / HTTP/1.1" 404 0
WARNING 2026-07-02 03:49:25,192 log 15068 9112 Not Found: /
WARNING 2026-07-02 03:49:25,193 basehttp 15068 9112 "HEAD / HTTP/1.1" 404 0
WARNING 2026-07-02 03:50:25,190 log 15068 9112 Not Found: /
WARNING 2026-07-02 03:50:25,193 basehttp 15068 9112 "HEAD / HTTP/1.1" 404 0
WARNING 2026-07-02 03:51:25,184 log 15068 9112 Not Found: /
WARNING 2026-07-02 03:51:25,185 basehttp 15068 9112 "HEAD / HTTP/1.1" 404 0
WARNING 2026-07-02 03:52:25,199 log 15068 9112 Not Found: /
WARNING 2026-07-02 03:52:25,200 basehttp 15068 9112 "HEAD / HTTP/1.1" 404 0
WARNING 2026-07-02 03:53:25,184 log 15068 9112 Not Found: /
WARNING 2026-07-02 03:53:25,186 basehttp 15068 9112 "HEAD / HTTP/1.1" 404 0
WARNING 2026-07-02 03:54:25,197 log 15068 9112 Not Found: /
WARNING 2026-07-02 03:54:25,201 basehttp 15068 9112 "HEAD / HTTP/1.1" 404 0
WARNING 2026-07-02 03:55:25,238 log 15068 9112 Not Found: /
WARNING 2026-07-02 03:55:25,244 basehttp 15068 9112 "HEAD / HTTP/1.1" 404 0
WARNING 2026-07-02 03:56:25,182 log 15068 9112 Not Found: /
WARNING 2026-07-02 03:56:25,183 basehttp 15068 9112 "HEAD / HTTP/1.1" 404 0
WARNING 2026-07-02 03:57:25,185 log 15068 9112 Not Found: /
WARNING 2026-07-02 03:57:25,186 basehttp 15068 9112 "HEAD / HTTP/1.1" 404 0
WARNING 2026-07-02 03:58:25,183 log 15068 9112 Not Found: /
WARNING 2026-07-02 03:58:25,185 basehttp 15068 9112 "HEAD / HTTP/1.1" 404 0
WARNING 2026-07-02 03:59:25,193 log 15068 9112 Not Found: /
WARNING 2026-07-02 03:59:25,195 basehttp 15068 9112 "HEAD / HTTP/1.1" 404 0
WARNING 2026-07-02 04:00:25,175 log 15068 9112 Not Found: /
WARNING 2026-07-02 04:00:25,177 basehttp 15068 9112 "HEAD / HTTP/1.1" 404 0
WARNING 2026-07-02 04:01:25,183 log 15068 9112 Not Found: /
WARNING 2026-07-02 04:01:25,184 basehttp 15068 9112 "HEAD / HTTP/1.1" 404 0
WARNING 2026-07-02 04:02:25,183 log 15068 9112 Not Found: /
WARNING 2026-07-02 04:02:25,184 basehttp 15068 9112 "HEAD / HTTP/1.1" 404 0
WARNING 2026-07-02 04:03:25,204 log 15068 18084 Not Found: /
WARNING 2026-07-02 04:03:25,206 basehttp 15068 18084 "HEAD / HTTP/1.1" 404 0
WARNING 2026-07-02 04:04:25,190 log 15068 18084 Not Found: /
WARNING 2026-07-02 04:04:25,192 basehttp 15068 18084 "HEAD / HTTP/1.1" 404 0
WARNING 2026-07-02 04:05:25,198 log 15068 18084 Not Found: /
WARNING 2026-07-02 04:05:25,200 basehttp 15068 18084 "HEAD / HTTP/1.1" 404 0
WARNING 2026-07-02 04:06:25,196 log 15068 18084 Not Found: /
WARNING 2026-07-02 04:06:25,197 basehttp 15068 18084 "HEAD / HTTP/1.1" 404 0
WARNING 2026-07-02 04:07:25,185 log 15068 18084 Not Found: /
WARNING 2026-07-02 04:07:25,186 basehttp 15068 18084 "HEAD / HTTP/1.1" 404 0
WARNING 2026-07-02 04:08:25,176 log 15068 18084 Not Found: /
WARNING 2026-07-02 04:08:25,178 basehttp 15068 18084 "HEAD / HTTP/1.1" 404 0
WARNING 2026-07-02 04:09:25,251 log 15068 18084 Not Found: /
WARNING 2026-07-02 04:09:25,254 basehttp 15068 18084 "HEAD / HTTP/1.1" 404 0
WARNING 2026-07-02 04:10:25,212 log 15068 18084 Not Found: /
WARNING 2026-07-02 04:10:25,216 basehttp 15068 18084 "HEAD / HTTP/1.1" 404 0
WARNING 2026-07-02 04:11:25,190 log 15068 18084 Not Found: /
WARNING 2026-07-02 04:11:25,191 basehttp 15068 18084 "HEAD / HTTP/1.1" 404 0
WARNING 2026-07-02 04:12:26,354 log 15068 18084 Not Found: /
WARNING 2026-07-02 04:12:26,357 basehttp 15068 18084 "HEAD / HTTP/1.1" 404 0
WARNING 2026-07-02 04:12:54,177 log 15068 18084 Not Found: /
WARNING 2026-07-02 04:12:54,178 basehttp 15068 18084 "HEAD / HTTP/1.1" 404 0
WARNING 2026-07-02 04:13:54,012 log 15068 18084 Not Found: /
WARNING 2026-07-02 04:13:54,013 basehttp 15068 18084 "HEAD / HTTP/1.1" 404 0
WARNING 2026-07-02 04:14:54,008 log 15068 18084 Not Found: /
WARNING 2026-07-02 04:14:54,009 basehttp 15068 18084 "HEAD / HTTP/1.1" 404 0
INFO 2026-07-02 04:17:00,800 basehttp 15068 18084 "OPTIONS /api/auth/login/ HTTP/1.1" 200 0
INFO 2026-07-02 04:17:02,421 basehttp 15068 18084 "POST /api/auth/login/ HTTP/1.1" 200 844
INFO 2026-07-02 04:17:02,558 basehttp 15068 18084 "OPTIONS /api/auth/users/ HTTP/1.1" 200 0
INFO 2026-07-02 04:17:02,614 basehttp 15068 18084 "GET /api/auth/users/ HTTP/1.1" 200 3447
INFO 2026-07-02 04:17:42,454 basehttp 15068 18084 "GET /api/auth/users/ HTTP/1.1" 200 3447
INFO 2026-07-02 04:17:44,726 basehttp 15068 18084 "GET /api/auth/users/ HTTP/1.1" 200 3447
INFO 2026-07-02 04:17:45,014 basehttp 15068 5084 "GET /api/auth/users/ HTTP/1.1" 200 3447
INFO 2026-07-02 04:18:38,665 basehttp 15068 5084 "GET /api/auth/users/ HTTP/1.1" 200 3447
INFO 2026-07-02 04:18:38,712 basehttp 15068 5084 "GET /api/auth/users/ HTTP/1.1" 200 3447
INFO 2026-07-02 04:18:48,011 basehttp 15068 5084 "OPTIONS /api/employees/?page_size=500 HTTP/1.1" 200 0
INFO 2026-07-02 04:18:48,114 basehttp 15068 5084 "GET /api/employees/?page_size=500 HTTP/1.1" 200 657
INFO 2026-07-02 04:19:20,606 basehttp 15068 5084 "OPTIONS /api/auth/verify-password/ HTTP/1.1" 200 0
INFO 2026-07-02 04:19:21,941 basehttp 15068 5084 "POST /api/auth/verify-password/ HTTP/1.1" 200 82
INFO 2026-07-02 04:19:21,948 basehttp 15068 5084 "OPTIONS /api/employees/ HTTP/1.1" 200 0
WARNING 2026-07-02 04:19:21,972 log 15068 5084 Unprocessable Entity: /api/employees/
WARNING 2026-07-02 04:19:21,973 basehttp 15068 5084 "POST /api/employees/ HTTP/1.1" 422 164
WARNING 2026-07-02 04:19:31,258 log 15068 5084 Unauthorized: /api/auth/verify-password/
WARNING 2026-07-02 04:19:31,259 basehttp 15068 5084 "POST /api/auth/verify-password/ HTTP/1.1" 401 72
WARNING 2026-07-02 04:19:38,654 log 15068 5084 Not Found: /
WARNING 2026-07-02 04:19:38,656 basehttp 15068 5084 "HEAD / HTTP/1.1" 404 0
WARNING 2026-07-02 04:20:39,166 log 15068 5084 Not Found: /
WARNING 2026-07-02 04:20:39,167 basehttp 15068 5084 "HEAD / HTTP/1.1" 404 0
WARNING 2026-07-02 04:21:39,174 log 15068 5084 Not Found: /
WARNING 2026-07-02 04:21:39,175 basehttp 15068 5084 "HEAD / HTTP/1.1" 404 0
WARNING 2026-07-02 04:22:39,184 log 15068 5084 Not Found: /
WARNING 2026-07-02 04:22:39,187 basehttp 15068 5084 "HEAD / HTTP/1.1" 404 0
WARNING 2026-07-02 04:23:38,659 log 15068 5084 Not Found: /
WARNING 2026-07-02 04:23:38,661 basehttp 15068 5084 "HEAD / HTTP/1.1" 404 0
WARNING 2026-07-02 04:24:02,282 log 15068 5084 Unauthorized: /api/auth/login/
WARNING 2026-07-02 04:24:02,283 basehttp 15068 5084 "POST /api/auth/login/ HTTP/1.1" 401 75
WARNING 2026-07-02 04:24:20,731 log 15068 5084 Unauthorized: /api/auth/login/
WARNING 2026-07-02 04:24:20,733 basehttp 15068 5084 "POST /api/auth/login/ HTTP/1.1" 401 75
INFO 2026-07-02 04:24:28,910 basehttp 15068 5084 "POST /api/auth/login/ HTTP/1.1" 200 844
INFO 2026-07-02 04:24:29,093 basehttp 15068 5084 "GET /api/auth/users/ HTTP/1.1" 200 3447
INFO 2026-07-02 04:25:31,843 basehttp 15068 5084 "GET /api/auth/users/ HTTP/1.1" 200 3447
INFO 2026-07-02 04:26:34,683 basehttp 15068 5084 "GET /api/auth/users/ HTTP/1.1" 200 3447
INFO 2026-07-02 04:27:29,174 basehttp 15068 5084 "GET /api/auth/users/ HTTP/1.1" 200 3447
INFO 2026-07-02 04:28:06,856 basehttp 15068 5084 "GET /api/auth/users/ HTTP/1.1" 200 3447
INFO 2026-07-02 04:28:10,196 basehttp 15068 5084 "GET /api/auth/users/ HTTP/1.1" 200 3447
INFO 2026-07-02 04:28:40,014 basehttp 15068 5084 "GET /api/auth/users/ HTTP/1.1" 200 3447
INFO 2026-07-02 04:29:31,294 basehttp 15068 5084 "GET /api/auth/users/ HTTP/1.1" 200 3447
INFO 2026-07-02 04:30:00,341 basehttp 15068 5084 "GET /api/auth/users/ HTTP/1.1" 200 3447
INFO 2026-07-02 04:30:04,305 basehttp 15068 5084 "GET /api/auth/users/ HTTP/1.1" 200 3447
INFO 2026-07-02 04:30:16,644 basehttp 15068 5084 "GET /api/auth/users/ HTTP/1.1" 200 3447
INFO 2026-07-02 04:31:17,190 basehttp 15068 5084 "GET /api/auth/users/ HTTP/1.1" 200 3447
INFO 2026-07-02 04:31:40,502 basehttp 15068 5084 "GET /api/auth/users/ HTTP/1.1" 200 3447
INFO 2026-07-02 04:31:56,684 basehttp 15068 5084 "GET /api/auth/users/ HTTP/1.1" 200 3447
INFO 2026-07-02 04:32:40,961 basehttp 15068 22668 "GET /api/auth/users/ HTTP/1.1" 200 3447
INFO 2026-07-02 04:32:56,438 basehttp 15068 22668 "GET /api/auth/users/ HTTP/1.1" 200 3447
INFO 2026-07-02 04:33:44,195 basehttp 15068 22668 "GET /api/auth/users/ HTTP/1.1" 200 3447
INFO 2026-07-02 04:33:55,182 basehttp 15068 22668 "GET /api/auth/users/ HTTP/1.1" 200 3447
INFO 2026-07-02 04:34:11,945 basehttp 15068 22668 "GET /api/auth/users/ HTTP/1.1" 200 3447
INFO 2026-07-02 04:34:25,075 basehttp 15068 22668 "GET /api/auth/users/ HTTP/1.1" 200 3447
INFO 2026-07-02 04:35:00,618 basehttp 15068 22668 "GET /api/auth/users/ HTTP/1.1" 200 3447
INFO 2026-07-02 04:35:17,371 basehttp 15068 22668 "GET /api/auth/users/ HTTP/1.1" 200 3447
INFO 2026-07-02 04:35:21,222 basehttp 15068 22668 "GET /api/auth/users/ HTTP/1.1" 200 3447
INFO 2026-07-02 04:35:29,898 basehttp 15068 22668 "GET /api/auth/users/ HTTP/1.1" 200 3447
INFO 2026-07-02 04:36:30,192 basehttp 15068 22668 "GET /api/auth/users/ HTTP/1.1" 200 3447
INFO 2026-07-02 04:37:30,179 basehttp 15068 22668 "GET /api/auth/users/ HTTP/1.1" 200 3447
INFO 2026-07-02 04:38:29,678 basehttp 15068 22668 "GET /api/auth/users/ HTTP/1.1" 200 3447
INFO 2026-07-02 04:39:29,678 basehttp 15068 22668 "GET /api/auth/users/ HTTP/1.1" 200 3447
INFO 2026-07-02 04:40:30,200 basehttp 15068 22668 "GET /api/auth/users/ HTTP/1.1" 200 3447
INFO 2026-07-02 04:40:38,845 basehttp 15068 22668 "GET /api/auth/users/ HTTP/1.1" 200 3447
INFO 2026-07-02 04:41:08,253 basehttp 15068 22668 "GET /api/auth/users/ HTTP/1.1" 200 3447
INFO 2026-07-02 04:42:10,007 basehttp 15068 22668 "GET /api/auth/users/ HTTP/1.1" 200 3447
ERROR 2026-07-02 04:43:31,640 log 15068 22668 Internal Server Error: /api/auth/login/
ERROR 2026-07-02 04:43:31,641 basehttp 15068 22668 "POST /api/auth/login/ HTTP/1.1" 500 126
INFO 2026-07-02 04:45:51,297 basehttp 15068 22668 "GET /api/auth/users/ HTTP/1.1" 200 3447
WARNING 2026-07-02 04:45:52,923 log 15068 20304 Not Found: /
WARNING 2026-07-02 04:45:52,934 basehttp 15068 20304 "GET / HTTP/1.1" 404 4814
INFO 2026-07-02 04:45:58,725 basehttp 15068 20304 "GET /admin HTTP/1.1" 301 0
INFO 2026-07-02 04:45:58,972 basehttp 15068 11532 "GET /admin/ HTTP/1.1" 302 0
INFO 2026-07-02 04:45:59,273 basehttp 15068 11532 "GET /admin/login/?next=/admin/ HTTP/1.1" 200 4165
INFO 2026-07-02 04:45:59,613 basehttp 15068 11532 "GET /static/admin/css/base.css HTTP/1.1" 200 22092
INFO 2026-07-02 04:45:59,620 basehttp 15068 20432 "GET /static/admin/css/dark_mode.css HTTP/1.1" 200 2804
INFO 2026-07-02 04:45:59,655 basehttp 15068 11532 "GET /static/admin/css/nav_sidebar.css HTTP/1.1" 200 2810
INFO 2026-07-02 04:45:59,656 basehttp 15068 20432 "GET /static/admin/css/login.css HTTP/1.1" 200 951
INFO 2026-07-02 04:45:59,680 basehttp 15068 20652 "GET /static/admin/css/responsive.css HTTP/1.1" 200 17972
INFO 2026-07-02 04:45:59,725 basehttp 15068 20468 "GET /static/admin/js/theme.js HTTP/1.1" 200 1653
INFO 2026-07-02 04:45:59,756 basehttp 15068 20652 "GET /static/admin/js/nav_sidebar.js HTTP/1.1" 200 3063
INFO 2026-07-02 04:46:10,928 basehttp 15068 20652 "POST /admin/login/?next=/admin/ HTTP/1.1" 200 4340
INFO 2026-07-02 04:46:27,559 basehttp 15068 20652 "POST /admin/login/?next=/admin/ HTTP/1.1" 200 4340
INFO 2026-07-02 04:46:30,226 basehttp 15068 20652 "POST /admin/login/?next=/admin/ HTTP/1.1" 200 4340
INFO 2026-07-02 04:47:09,553 basehttp 15068 22668 "POST /api/auth/login/ HTTP/1.1" 200 846
INFO 2026-07-02 04:47:09,677 basehttp 15068 22668 "GET /api/auth/users/ HTTP/1.1" 200 3451
INFO 2026-07-02 04:47:37,654 basehttp 15068 22668 "GET /api/employees/?page_size=500 HTTP/1.1" 200 657
INFO 2026-07-02 04:48:09,669 basehttp 15068 22668 "GET /api/auth/users/ HTTP/1.1" 200 3451
INFO 2026-07-02 04:48:29,065 basehttp 15068 22668 "POST /api/auth/verify-password/ HTTP/1.1" 200 82
WARNING 2026-07-02 04:48:29,088 log 15068 22668 Unprocessable Entity: /api/employees/
WARNING 2026-07-02 04:48:29,090 basehttp 15068 22668 "POST /api/employees/ HTTP/1.1" 422 164
INFO 2026-07-02 04:49:09,669 basehttp 15068 22668 "GET /api/auth/users/ HTTP/1.1" 200 3451
INFO 2026-07-02 04:49:48,236 basehttp 15068 22668 "GET /api/employees/?page_size=500 HTTP/1.1" 200 657
INFO 2026-07-02 04:50:10,189 basehttp 15068 22668 "GET /api/auth/users/ HTTP/1.1" 200 3451
INFO 2026-07-02 04:51:10,180 basehttp 15068 22668 "GET /api/auth/users/ HTTP/1.1" 200 3451
INFO 2026-07-02 04:52:10,178 basehttp 15068 22668 "GET /api/auth/users/ HTTP/1.1" 200 3451
INFO 2026-07-02 04:53:10,185 basehttp 15068 22668 "GET /api/auth/users/ HTTP/1.1" 200 3451
INFO 2026-07-02 04:54:21,270 basehttp 15068 22668 "GET /api/auth/users/ HTTP/1.1" 200 3451
INFO 2026-07-02 04:55:22,207 basehttp 15068 22668 "GET /api/auth/users/ HTTP/1.1" 200 3451
INFO 2026-07-02 04:56:23,183 basehttp 15068 22668 "GET /api/auth/users/ HTTP/1.1" 200 3451
INFO 2026-07-02 04:57:24,183 basehttp 15068 22668 "GET /api/auth/users/ HTTP/1.1" 200 3451
INFO 2026-07-02 04:58:25,187 basehttp 15068 22668 "GET /api/auth/users/ HTTP/1.1" 200 3451
INFO 2026-07-02 04:59:25,180 basehttp 15068 22668 "GET /api/auth/users/ HTTP/1.1" 200 3451
INFO 2026-07-02 05:00:25,186 basehttp 15068 22668 "GET /api/auth/users/ HTTP/1.1" 200 3451
INFO 2026-07-02 05:01:25,184 basehttp 15068 22668 "GET /api/auth/users/ HTTP/1.1" 200 3451
INFO 2026-07-02 05:02:25,189 basehttp 15068 22668 "GET /api/auth/users/ HTTP/1.1" 200 3451
INFO 2026-07-02 05:03:25,393 basehttp 15068 6704 "GET /api/auth/users/ HTTP/1.1" 200 3451
INFO 2026-07-02 05:04:25,183 basehttp 15068 6704 "GET /api/auth/users/ HTTP/1.1" 200 3451
INFO 2026-07-02 05:05:25,188 basehttp 15068 6704 "GET /api/auth/users/ HTTP/1.1" 200 3451
INFO 2026-07-02 05:06:25,328 basehttp 15068 6704 "GET /api/auth/users/ HTTP/1.1" 200 3451
INFO 2026-07-02 05:07:13,332 autoreload 13040 2180 F:\SAMS\sams_backend\core\pagination.py changed, reloading.
INFO 2026-07-02 05:07:13,944 autoreload 15068 21580 F:\SAMS\sams_backend\core\pagination.py changed, reloading.
INFO 2026-07-02 05:07:16,311 autoreload 18168 13260 Watching for file changes with StatReloader
INFO 2026-07-02 05:07:17,442 autoreload 7372 16236 Watching for file changes with StatReloader
INFO 2026-07-02 05:07:26,061 basehttp 18168 16656 "GET /api/auth/users/ HTTP/1.1" 200 3451
INFO 2026-07-02 05:08:25,183 basehttp 18168 16656 "GET /api/auth/users/ HTTP/1.1" 200 3451
INFO 2026-07-02 05:09:25,282 basehttp 18168 16656 "GET /api/auth/users/ HTTP/1.1" 200 3451
INFO 2026-07-02 05:10:13,698 basehttp 18168 16656 "GET /api/auth/users/ HTTP/1.1" 200 3451
INFO 2026-07-02 05:10:18,818 basehttp 18168 16656 "GET /api/employees/?page_size=500 HTTP/1.1" 200 4967
INFO 2026-07-02 05:11:09,676 basehttp 18168 16656 "GET /api/auth/users/ HTTP/1.1" 200 3451
INFO 2026-07-02 05:11:36,119 basehttp 18168 16656 "POST /api/auth/verify-password/ HTTP/1.1" 200 82
WARNING 2026-07-02 05:11:36,150 log 18168 16656 Unprocessable Entity: /api/employees/
WARNING 2026-07-02 05:11:36,157 basehttp 18168 16656 "POST /api/employees/ HTTP/1.1" 422 164
INFO 2026-07-02 05:12:10,187 basehttp 18168 16656 "GET /api/auth/users/ HTTP/1.1" 200 3451
INFO 2026-07-02 05:13:27,066 basehttp 18168 16656 "GET /api/auth/users/ HTTP/1.1" 200 3451
INFO 2026-07-02 05:14:10,186 basehttp 18168 16656 "GET /api/auth/users/ HTTP/1.1" 200 3451
INFO 2026-07-02 05:14:37,435 basehttp 18168 16288 "POST /api/auth/login/ HTTP/1.1" 200 846
INFO 2026-07-02 05:14:37,618 basehttp 18168 16576 "GET /api/employees/?page_size=500 HTTP/1.1" 200 4967
INFO 2026-07-02 05:15:10,170 basehttp 18168 16656 "GET /api/auth/users/ HTTP/1.1" 200 3451
INFO 2026-07-02 05:16:10,183 basehttp 18168 16656 "GET /api/auth/users/ HTTP/1.1" 200 3451
INFO 2026-07-02 05:17:10,175 basehttp 18168 16656 "GET /api/auth/users/ HTTP/1.1" 200 3451
INFO 2026-07-02 05:18:10,341 basehttp 18168 16656 "GET /api/auth/users/ HTTP/1.1" 200 3451
INFO 2026-07-02 05:19:09,673 basehttp 18168 16656 "GET /api/auth/users/ HTTP/1.1" 200 3451
INFO 2026-07-02 05:20:10,257 basehttp 18168 16656 "GET /api/auth/users/ HTTP/1.1" 200 3451
INFO 2026-07-02 05:21:09,698 basehttp 18168 16656 "GET /api/auth/users/ HTTP/1.1" 200 3451
INFO 2026-07-02 05:22:10,179 basehttp 18168 16656 "GET /api/auth/users/ HTTP/1.1" 200 3451
INFO 2026-07-02 05:22:33,515 basehttp 18168 16656 "GET /api/employees/?page_size=500 HTTP/1.1" 200 4967
INFO 2026-07-02 05:23:00,914 basehttp 18168 16656 "OPTIONS /api/auth/verify-superuser/ HTTP/1.1" 200 0
WARNING 2026-07-02 05:23:00,945 log 18168 16656 Not Found: /api/auth/verify-superuser/
WARNING 2026-07-02 05:23:00,946 basehttp 18168 16656 "POST /api/auth/verify-superuser/ HTTP/1.1" 404 8999
WARNING 2026-07-02 05:23:02,263 log 18168 16656 Unauthorized: /api/auth/verify-password/
WARNING 2026-07-02 05:23:02,264 basehttp 18168 16656 "POST /api/auth/verify-password/ HTTP/1.1" 401 72
WARNING 2026-07-02 05:23:07,452 log 18168 16656 Not Found: /api/auth/verify-superuser/
WARNING 2026-07-02 05:23:07,454 basehttp 18168 16656 "POST /api/auth/verify-superuser/ HTTP/1.1" 404 8999
INFO 2026-07-02 05:23:08,884 basehttp 18168 16656 "POST /api/auth/verify-password/ HTTP/1.1" 200 82
INFO 2026-07-02 05:23:08,893 basehttp 18168 16656 "OPTIONS /api/employees/371aec49-46ca-4309-8292-4ff039ba92ff/ HTTP/1.1" 200 0
INFO 2026-07-02 05:23:09,024 basehttp 18168 16656 "DELETE /api/employees/371aec49-46ca-4309-8292-4ff039ba92ff/ HTTP/1.1" 204 84
INFO 2026-07-02 05:23:09,780 basehttp 18168 18832 "GET /api/auth/users/ HTTP/1.1" 200 3451
INFO 2026-07-02 05:24:10,024 basehttp 18168 18832 "GET /api/auth/users/ HTTP/1.1" 200 3451
INFO 2026-07-02 05:24:37,734 autoreload 7372 16236 F:\SAMS\sams_backend\authentication\views.py changed, reloading.
INFO 2026-07-02 05:24:37,944 autoreload 18168 13260 F:\SAMS\sams_backend\authentication\views.py changed, reloading.
INFO 2026-07-02 05:24:44,081 autoreload 20708 19436 Watching for file changes with StatReloader
INFO 2026-07-02 05:24:46,085 autoreload 16512 5536 Watching for file changes with StatReloader
INFO 2026-07-02 05:25:10,735 basehttp 20708 10700 "GET /api/auth/users/ HTTP/1.1" 200 3451
INFO 2026-07-02 05:25:27,301 autoreload 16512 5536 F:\SAMS\sams_backend\authentication\urls.py changed, reloading.
INFO 2026-07-02 05:25:27,927 autoreload 20708 19436 F:\SAMS\sams_backend\authentication\urls.py changed, reloading.
INFO 2026-07-02 05:25:34,264 autoreload 16628 17668 Watching for file changes with StatReloader
INFO 2026-07-02 05:25:36,786 autoreload 20860 22944 Watching for file changes with StatReloader
INFO 2026-07-02 05:26:10,535 basehttp 16628 20568 "POST /api/auth/login/ HTTP/1.1" 200 846
INFO 2026-07-02 05:26:15,836 basehttp 16628 20568 "GET /api/auth/users/ HTTP/1.1" 200 3451
INFO 2026-07-02 05:26:47,090 basehttp 16628 21328 "POST /admin/login/?next=/admin/ HTTP/1.1" 200 4340
INFO 2026-07-02 05:26:57,691 basehttp 16628 21328 "POST /admin/login/?next=/admin/ HTTP/1.1" 200 4340
INFO 2026-07-02 05:27:16,432 basehttp 16628 20568 "GET /api/auth/users/ HTTP/1.1" 200 3451
INFO 2026-07-02 05:27:30,883 basehttp 16628 20568 "GET /api/employees/?page_size=500 HTTP/1.1" 200 4489
INFO 2026-07-02 05:27:49,197 basehttp 16628 20568 "GET /api/employees/?page_size=500 HTTP/1.1" 200 4489
INFO 2026-07-02 05:27:59,786 basehttp 16628 20568 "GET /api/employees/?page_size=500 HTTP/1.1" 200 4489
INFO 2026-07-02 05:28:15,652 basehttp 16628 20568 "GET /api/auth/users/ HTTP/1.1" 200 3451
INFO 2026-07-02 05:29:16,184 basehttp 16628 20568 "GET /api/auth/users/ HTTP/1.1" 200 3451
INFO 2026-07-02 05:30:16,929 basehttp 16628 20568 "GET /api/auth/users/ HTTP/1.1" 200 3451
INFO 2026-07-02 05:31:16,176 basehttp 16628 20568 "GET /api/auth/users/ HTTP/1.1" 200 3451
INFO 2026-07-02 05:32:18,488 basehttp 16628 20568 "GET /api/auth/users/ HTTP/1.1" 200 3451
INFO 2026-07-02 05:33:16,160 basehttp 16628 14772 "GET /api/auth/users/ HTTP/1.1" 200 3451
INFO 2026-07-02 05:34:16,183 basehttp 16628 14772 "GET /api/auth/users/ HTTP/1.1" 200 3451
INFO 2026-07-02 05:35:04,307 basehttp 16628 14772 "GET /api/employees/?page_size=500 HTTP/1.1" 200 4489
INFO 2026-07-02 05:35:15,660 basehttp 16628 14772 "GET /api/auth/users/ HTTP/1.1" 200 3451
INFO 2026-07-02 05:36:16,903 basehttp 16628 14772 "GET /api/auth/users/ HTTP/1.1" 200 3451
INFO 2026-07-02 05:37:29,384 basehttp 16628 14772 "GET /api/auth/users/ HTTP/1.1" 200 3451
INFO 2026-07-02 05:37:33,605 basehttp 16628 14772 "GET /api/employees/?page_size=500 HTTP/1.1" 200 4489
INFO 2026-07-02 05:38:25,214 basehttp 16628 14772 "GET /api/auth/users/ HTTP/1.1" 200 3451
INFO 2026-07-02 05:39:16,171 basehttp 16628 14772 "GET /api/auth/users/ HTTP/1.1" 200 3451
INFO 2026-07-02 05:40:02,081 basehttp 16628 14772 "GET /api/employees/?page_size=500 HTTP/1.1" 200 4489
INFO 2026-07-02 05:40:15,669 basehttp 16628 14772 "GET /api/auth/users/ HTTP/1.1" 200 3451
INFO 2026-07-02 05:41:16,191 basehttp 16628 14772 "GET /api/auth/users/ HTTP/1.1" 200 3451
INFO 2026-07-02 05:42:16,186 basehttp 16628 14772 "GET /api/auth/users/ HTTP/1.1" 200 3451
INFO 2026-07-02 05:43:25,268 basehttp 16628 14772 "GET /api/auth/users/ HTTP/1.1" 200 3451
INFO 2026-07-02 05:44:25,178 basehttp 16628 14772 "GET /api/auth/users/ HTTP/1.1" 200 3451
INFO 2026-07-02 05:45:25,240 basehttp 16628 14772 "GET /api/auth/users/ HTTP/1.1" 200 3451
INFO 2026-07-02 05:46:16,934 basehttp 16628 14772 "GET /api/auth/users/ HTTP/1.1" 200 3451
INFO 2026-07-02 05:47:02,465 basehttp 16628 14772 "GET /api/employees/?page_size=500 HTTP/1.1" 200 4489
INFO 2026-07-02 05:47:16,187 basehttp 16628 14772 "GET /api/auth/users/ HTTP/1.1" 200 3451
INFO 2026-07-02 05:48:25,207 basehttp 16628 14772 "GET /api/auth/users/ HTTP/1.1" 200 3451
INFO 2026-07-02 05:49:16,186 basehttp 16628 14772 "GET /api/auth/users/ HTTP/1.1" 200 3451
INFO 2026-07-02 05:50:25,206 basehttp 16628 14772 "GET /api/auth/users/ HTTP/1.1" 200 3451
INFO 2026-07-02 05:51:25,191 basehttp 16628 14772 "GET /api/auth/users/ HTTP/1.1" 200 3451
INFO 2026-07-02 05:52:16,192 basehttp 16628 14772 "GET /api/auth/users/ HTTP/1.1" 200 3451
INFO 2026-07-02 05:53:16,270 basehttp 16628 14772 "GET /api/auth/users/ HTTP/1.1" 200 3451
INFO 2026-07-02 05:54:25,430 basehttp 16628 14772 "GET /api/auth/users/ HTTP/1.1" 200 3451
INFO 2026-07-02 05:55:15,670 basehttp 16628 14772 "GET /api/auth/users/ HTTP/1.1" 200 3451
INFO 2026-07-02 05:56:16,194 basehttp 16628 14772 "GET /api/auth/users/ HTTP/1.1" 200 3451
INFO 2026-07-02 05:57:16,499 basehttp 16628 14772 "GET /api/auth/users/ HTTP/1.1" 200 3451
INFO 2026-07-02 05:58:16,167 basehttp 16628 14772 "GET /api/auth/users/ HTTP/1.1" 200 3451
INFO 2026-07-02 05:59:15,661 basehttp 16628 14772 "GET /api/auth/users/ HTTP/1.1" 200 3451
INFO 2026-07-02 06:00:16,273 basehttp 16628 14772 "GET /api/auth/users/ HTTP/1.1" 200 3451
INFO 2026-07-02 06:01:30,163 basehttp 16628 14772 "GET /api/auth/users/ HTTP/1.1" 200 3451
INFO 2026-07-02 06:03:42,031 basehttp 16628 22060 "GET /api/auth/users/ HTTP/1.1" 200 3451
INFO 2026-07-02 06:04:19,490 basehttp 16628 22060 "GET /api/auth/users/ HTTP/1.1" 200 3451
INFO 2026-07-02 06:05:25,182 basehttp 16628 22060 "GET /api/auth/users/ HTTP/1.1" 200 3451
INFO 2026-07-02 06:06:15,654 basehttp 16628 22060 "GET /api/auth/users/ HTTP/1.1" 200 3451
INFO 2026-07-02 06:07:15,660 basehttp 16628 22060 "GET /api/auth/users/ HTTP/1.1" 200 3451
INFO 2026-07-02 06:08:16,171 basehttp 16628 22060 "GET /api/auth/users/ HTTP/1.1" 200 3451
INFO 2026-07-02 06:09:25,282 basehttp 16628 22060 "GET /api/auth/users/ HTTP/1.1" 200 3451
INFO 2026-07-02 06:10:16,181 basehttp 16628 22060 "GET /api/auth/users/ HTTP/1.1" 200 3451
INFO 2026-07-02 06:11:25,201 basehttp 16628 22060 "GET /api/auth/users/ HTTP/1.1" 200 3451
INFO 2026-07-02 06:12:15,651 basehttp 16628 22060 "GET /api/auth/users/ HTTP/1.1" 200 3451
INFO 2026-07-02 06:13:16,188 basehttp 16628 22060 "GET /api/auth/users/ HTTP/1.1" 200 3451
INFO 2026-07-02 06:14:16,296 basehttp 16628 22060 "GET /api/auth/users/ HTTP/1.1" 200 3451
INFO 2026-07-02 06:15:25,188 basehttp 16628 22060 "GET /api/auth/users/ HTTP/1.1" 200 3451
INFO 2026-07-02 06:16:25,256 basehttp 16628 22060 "GET /api/auth/users/ HTTP/1.1" 200 3451
INFO 2026-07-02 06:17:25,182 basehttp 16628 22060 "OPTIONS /api/auth/users/ HTTP/1.1" 200 0
INFO 2026-07-02 06:17:25,200 basehttp 16628 22060 "GET /api/auth/users/ HTTP/1.1" 200 3451
INFO 2026-07-02 06:18:25,193 basehttp 16628 22060 "GET /api/auth/users/ HTTP/1.1" 200 3451
INFO 2026-07-02 06:19:25,302 basehttp 16628 22060 "GET /api/auth/users/ HTTP/1.1" 200 3451
INFO 2026-07-02 06:20:25,197 basehttp 16628 22060 "GET /api/auth/users/ HTTP/1.1" 200 3451
INFO 2026-07-02 06:21:25,207 basehttp 16628 22060 "GET /api/auth/users/ HTTP/1.1" 200 3451
INFO 2026-07-02 06:22:25,191 basehttp 16628 22060 "GET /api/auth/users/ HTTP/1.1" 200 3451
INFO 2026-07-02 06:23:25,183 basehttp 16628 22060 "GET /api/auth/users/ HTTP/1.1" 200 3451
INFO 2026-07-02 06:24:25,327 basehttp 16628 22060 "GET /api/auth/users/ HTTP/1.1" 200 3451
INFO 2026-07-02 06:25:25,230 basehttp 16628 22060 "GET /api/auth/users/ HTTP/1.1" 200 3451
WARNING 2026-07-02 06:26:25,254 log 16628 22060 Unauthorized: /api/auth/users/
WARNING 2026-07-02 06:26:25,256 basehttp 16628 22060 "GET /api/auth/users/ HTTP/1.1" 401 648
WARNING 2026-07-02 06:27:16,211 log 16628 22060 Unauthorized: /api/auth/users/
WARNING 2026-07-02 06:27:16,212 basehttp 16628 22060 "GET /api/auth/users/ HTTP/1.1" 401 648
INFO 2026-07-02 06:27:17,842 basehttp 16628 22060 "OPTIONS /api/employees/?page_size=500 HTTP/1.1" 200 0
WARNING 2026-07-02 06:27:17,879 log 16628 22060 Unauthorized: /api/employees/
WARNING 2026-07-02 06:27:17,896 basehttp 16628 22060 "GET /api/employees/?page_size=500 HTTP/1.1" 401 648
WARNING 2026-07-02 06:27:40,762 log 16628 22060 Unauthorized: /api/employees/
WARNING 2026-07-02 06:27:40,779 basehttp 16628 22060 "GET /api/employees/?page_size=500 HTTP/1.1" 401 648
WARNING 2026-07-02 06:28:16,170 log 16628 22060 Unauthorized: /api/auth/users/
WARNING 2026-07-02 06:28:16,171 basehttp 16628 22060 "GET /api/auth/users/ HTTP/1.1" 401 648
WARNING 2026-07-02 06:29:15,649 log 16628 22060 Unauthorized: /api/auth/users/
WARNING 2026-07-02 06:29:15,651 basehttp 16628 22060 "GET /api/auth/users/ HTTP/1.1" 401 648
WARNING 2026-07-02 06:30:16,173 log 16628 22060 Unauthorized: /api/auth/users/
WARNING 2026-07-02 06:30:16,174 basehttp 16628 22060 "GET /api/auth/users/ HTTP/1.1" 401 648
WARNING 2026-07-02 06:31:01,369 log 16628 22060 Unauthorized: /api/employees/
WARNING 2026-07-02 06:31:01,371 basehttp 16628 22060 "GET /api/employees/?page_size=500 HTTP/1.1" 401 648
WARNING 2026-07-02 06:31:15,654 log 16628 22060 Unauthorized: /api/auth/users/
WARNING 2026-07-02 06:31:15,656 basehttp 16628 22060 "GET /api/auth/users/ HTTP/1.1" 401 648
WARNING 2026-07-02 06:31:41,039 log 16628 22060 Unauthorized: /api/auth/users/
WARNING 2026-07-02 06:31:41,043 basehttp 16628 22060 "GET /api/auth/users/ HTTP/1.1" 401 648
WARNING 2026-07-02 06:32:12,136 log 16628 22060 Unauthorized: /api/employees/
WARNING 2026-07-02 06:32:12,138 basehttp 16628 22060 "GET /api/employees/?page_size=500 HTTP/1.1" 401 648
WARNING 2026-07-02 06:32:16,187 log 16628 22060 Unauthorized: /api/auth/users/
WARNING 2026-07-02 06:32:16,188 basehttp 16628 22060 "GET /api/auth/users/ HTTP/1.1" 401 648
WARNING 2026-07-02 06:32:47,140 log 16628 17552 Unauthorized: /api/auth/users/
WARNING 2026-07-02 06:32:47,143 basehttp 16628 17552 "GET /api/auth/users/ HTTP/1.1" 401 648
WARNING 2026-07-02 06:33:15,655 log 16628 17552 Unauthorized: /api/auth/users/
WARNING 2026-07-02 06:33:15,660 basehttp 16628 17552 "GET /api/auth/users/ HTTP/1.1" 401 648
WARNING 2026-07-02 06:34:29,635 log 16628 17552 Unauthorized: /api/auth/users/
WARNING 2026-07-02 06:34:29,636 basehttp 16628 17552 "GET /api/auth/users/ HTTP/1.1" 401 648
WARNING 2026-07-02 06:34:32,564 log 16628 17552 Unauthorized: /api/employees/
WARNING 2026-07-02 06:34:32,567 basehttp 16628 17552 "GET /api/employees/?page_size=500 HTTP/1.1" 401 648
WARNING 2026-07-02 06:34:45,674 log 16628 17552 Unauthorized: /api/auth/users/
WARNING 2026-07-02 06:34:45,676 basehttp 16628 17552 "GET /api/auth/users/ HTTP/1.1" 401 648
WARNING 2026-07-02 06:34:46,024 log 16628 17552 Unauthorized: /api/employees/
WARNING 2026-07-02 06:34:46,050 basehttp 16628 17552 "GET /api/employees/?page_size=500 HTTP/1.1" 401 648
WARNING 2026-07-02 06:35:21,204 log 16628 17552 Unauthorized: /api/auth/users/
WARNING 2026-07-02 06:35:21,205 basehttp 16628 17552 "GET /api/auth/users/ HTTP/1.1" 401 648
WARNING 2026-07-02 06:35:21,561 log 16628 17552 Unauthorized: /api/employees/
WARNING 2026-07-02 06:35:21,563 basehttp 16628 17552 "GET /api/employees/?page_size=500 HTTP/1.1" 401 648
WARNING 2026-07-02 06:36:22,176 log 16628 17552 Unauthorized: /api/auth/users/
WARNING 2026-07-02 06:36:22,177 basehttp 16628 17552 "GET /api/auth/users/ HTTP/1.1" 401 648
WARNING 2026-07-02 06:37:14,863 log 16628 17552 Unauthorized: /api/auth/users/
WARNING 2026-07-02 06:37:14,870 basehttp 16628 17552 "GET /api/auth/users/ HTTP/1.1" 401 648
WARNING 2026-07-02 06:37:15,096 log 16628 17552 Unauthorized: /api/employees/
WARNING 2026-07-02 06:37:15,106 basehttp 16628 17552 "GET /api/employees/?page_size=500 HTTP/1.1" 401 648
WARNING 2026-07-02 06:38:14,871 log 16628 17552 Unauthorized: /api/auth/users/
WARNING 2026-07-02 06:38:14,872 basehttp 16628 17552 "GET /api/auth/users/ HTTP/1.1" 401 648
WARNING 2026-07-02 06:38:23,293 log 16628 17552 Unauthorized: /api/auth/users/
WARNING 2026-07-02 06:38:23,294 basehttp 16628 17552 "GET /api/auth/users/ HTTP/1.1" 401 648
INFO 2026-07-02 06:38:23,393 basehttp 16628 17552 "OPTIONS /api/auth/token/refresh/ HTTP/1.1" 200 0
WARNING 2026-07-02 06:38:23,416 log 16628 17552 Not Found: /api/auth/token/refresh/
WARNING 2026-07-02 06:38:23,417 basehttp 16628 17552 "POST /api/auth/token/refresh/ HTTP/1.1" 404 9274
WARNING 2026-07-02 06:38:42,397 log 16628 8076 Not Found: /
WARNING 2026-07-02 06:38:42,399 basehttp 16628 8076 "HEAD / HTTP/1.1" 404 0
WARNING 2026-07-02 06:38:55,195 log 16628 8076 Not Found: /
WARNING 2026-07-02 06:38:55,196 basehttp 16628 8076 "HEAD / HTTP/1.1" 404 0
INFO 2026-07-02 06:39:52,551 basehttp 16628 8076 "OPTIONS /api/auth/login/ HTTP/1.1" 200 0
INFO 2026-07-02 06:39:56,460 basehttp 16628 8076 "POST /api/auth/login/ HTTP/1.1" 200 846
INFO 2026-07-02 06:39:56,587 basehttp 16628 8076 "GET /api/auth/users/ HTTP/1.1" 200 3451
INFO 2026-07-02 06:40:48,316 basehttp 16628 8076 "GET /api/employees/?page_size=500 HTTP/1.1" 200 4489
INFO 2026-07-02 06:40:56,568 basehttp 16628 8076 "GET /api/auth/users/ HTTP/1.1" 200 3451
INFO 2026-07-02 06:41:50,777 basehttp 16628 8076 "POST /api/auth/verify-superuser/ HTTP/1.1" 200 83
INFO 2026-07-02 06:41:50,865 basehttp 16628 8076 "OPTIONS /api/employees/ HTTP/1.1" 200 0
WARNING 2026-07-02 06:41:50,903 log 16628 8076 Unprocessable Entity: /api/employees/
WARNING 2026-07-02 06:41:50,910 basehttp 16628 8076 "POST /api/employees/ HTTP/1.1" 422 164
INFO 2026-07-02 06:41:56,551 basehttp 16628 8076 "GET /api/auth/users/ HTTP/1.1" 200 3451
INFO 2026-07-02 06:42:57,176 basehttp 16628 8076 "GET /api/auth/users/ HTTP/1.1" 200 3451
INFO 2026-07-02 06:43:57,184 basehttp 16628 8076 "GET /api/auth/users/ HTTP/1.1" 200 3451
INFO 2026-07-02 06:44:42,480 basehttp 16628 8076 "GET /api/auth/users/ HTTP/1.1" 200 3451
INFO 2026-07-02 06:44:42,516 basehttp 16628 8076 "GET /api/employees/?page_size=500 HTTP/1.1" 200 4489
INFO 2026-07-02 06:45:07,056 basehttp 16628 8076 "GET /api/auth/users/ HTTP/1.1" 200 3451
INFO 2026-07-02 06:45:07,098 basehttp 16628 8076 "GET /api/employees/?page_size=500 HTTP/1.1" 200 4489
WARNING 2026-07-02 06:45:15,253 log 16628 8076 Not Found: /api/health/
WARNING 2026-07-02 06:45:15,254 basehttp 16628 8076 "GET /api/health/ HTTP/1.1" 404 4865
WARNING 2026-07-02 06:45:32,602 log 16628 8076 Not Found: /api/health/
WARNING 2026-07-02 06:45:32,603 basehttp 16628 8076 "GET /api/health/ HTTP/1.1" 404 4865
WARNING 2026-07-02 06:46:33,211 log 16628 8076 Not Found: /api/health/
WARNING 2026-07-02 06:46:33,214 basehttp 16628 8076 "GET /api/health/ HTTP/1.1" 404 4865
WARNING 2026-07-02 06:47:33,187 log 16628 8076 Not Found: /api/health/
WARNING 2026-07-02 06:47:33,188 basehttp 16628 8076 "GET /api/health/ HTTP/1.1" 404 4865
WARNING 2026-07-02 06:48:05,927 log 16628 8076 Not Found: /api/health/
WARNING 2026-07-02 06:48:05,928 basehttp 16628 8076 "GET /api/health/ HTTP/1.1" 404 4865
INFO 2026-07-02 06:48:06,735 basehttp 16628 8076 "GET /api/employees/?page_size=500 HTTP/1.1" 200 4489
WARNING 2026-07-02 06:48:38,291 log 16628 8076 Not Found: /api/health/
WARNING 2026-07-02 06:48:38,294 basehttp 16628 8076 "GET /api/health/ HTTP/1.1" 404 4865
INFO 2026-07-02 06:48:38,457 basehttp 16628 8076 "GET /api/employees/?page_size=500 HTTP/1.1" 200 4489
WARNING 2026-07-02 06:49:39,584 log 16628 8076 Not Found: /api/health/
WARNING 2026-07-02 06:49:39,587 basehttp 16628 8076 "GET /api/health/ HTTP/1.1" 404 4865
INFO 2026-07-02 06:50:37,262 autoreload 16628 17668 F:\SAMS\sams_backend\employees\models.py changed, reloading.
INFO 2026-07-02 06:50:37,509 autoreload 20860 22944 F:\SAMS\sams_backend\employees\models.py changed, reloading.
INFO 2026-07-02 06:50:40,685 autoreload 21188 12220 Watching for file changes with StatReloader
INFO 2026-07-02 06:50:42,871 autoreload 15796 10304 Watching for file changes with StatReloader
WARNING 2026-07-02 06:51:39,223 log 21188 19556 Not Found: /api/health/
WARNING 2026-07-02 06:51:39,225 basehttp 21188 19556 "GET /api/health/ HTTP/1.1" 404 4865
WARNING 2026-07-02 06:52:39,190 log 21188 19556 Not Found: /api/health/
WARNING 2026-07-02 06:52:39,192 basehttp 21188 19556 "GET /api/health/ HTTP/1.1" 404 4865
WARNING 2026-07-02 06:53:39,187 log 21188 19556 Not Found: /api/health/
WARNING 2026-07-02 06:53:39,188 basehttp 21188 19556 "GET /api/health/ HTTP/1.1" 404 4865
WARNING 2026-07-02 06:53:57,868 log 21188 19556 Not Found: /api/health/
WARNING 2026-07-02 06:53:57,874 basehttp 21188 19556 "GET /api/health/ HTTP/1.1" 404 4865
ERROR 2026-07-02 06:53:58,554 log 21188 19556 Internal Server Error: /api/employees/
ERROR 2026-07-02 06:53:58,557 basehttp 21188 19556 "GET /api/employees/?page_size=500 HTTP/1.1" 500 271
INFO 2026-07-02 06:54:44,427 basehttp 21188 19556 "POST /api/auth/verify-superuser/ HTTP/1.1" 200 83
WARNING 2026-07-02 06:54:44,628 log 21188 19556 Unprocessable Entity: /api/employees/
WARNING 2026-07-02 06:54:44,644 basehttp 21188 19556 "POST /api/employees/ HTTP/1.1" 422 164
WARNING 2026-07-02 06:54:58,187 log 21188 19556 Not Found: /api/health/
WARNING 2026-07-02 06:54:58,189 basehttp 21188 19556 "GET /api/health/ HTTP/1.1" 404 4865
WARNING 2026-07-02 06:55:57,854 log 21188 19556 Not Found: /api/health/
WARNING 2026-07-02 06:55:57,856 basehttp 21188 19556 "GET /api/health/ HTTP/1.1" 404 4865
WARNING 2026-07-02 06:56:58,218 log 21188 19556 Not Found: /api/health/
WARNING 2026-07-02 06:56:58,224 basehttp 21188 19556 "GET /api/health/ HTTP/1.1" 404 4865
WARNING 2026-07-02 06:57:58,262 log 21188 19556 Not Found: /api/health/
WARNING 2026-07-02 06:57:58,266 basehttp 21188 19556 "GET /api/health/ HTTP/1.1" 404 4865
